,cell_id,group_id
1,Placenta_1.ATTCCATACTTCAACGCC,Spiral artery trophoblast giant cells(Placenta)
2,Placenta_1.CCGCTAATCAACCCTTTC,Spiral artery trophoblast giant cells(Placenta)
3,Placenta_1.ACACCCGACACTGAATTA,Spongiotrophoblast_Hsd11b2 high(Placenta)
4,Placenta_1.GTGGTATATTGTAACCTA,Spongiotrophoblast_Phlda2 high(Placenta)
5,Placenta_1.ATCAACAACCTACGAGTA,Spiral artery trophoblast giant cells(Placenta)
6,Placenta_1.TATGTACCGACGCGCTTG,Spiral artery trophoblast giant cells(Placenta)
7,Placenta_1.AGCGAGCCTAGAAAAGTT,Labyrinthine trophoblast(Placenta)
8,Placenta_1.ACCTGAAAGTACAGTTTA,Labyrinthine trophoblast(Placenta)
9,Placenta_1.CCGACGCTGTGTCCGACG,Spiral artery trophoblast giant cells(Placenta)
10,Placenta_1.TGATCAACACCCTGATCA,Spiral artery trophoblast giant cells(Placenta)
11,Placenta_1.TGAAGCACTTATTCACTT,Labyrinthine trophoblast(Placenta)
12,Placenta_1.ATCAACTCGTAACGCTTG,Spiral artery trophoblast giant cells(Placenta)
13,Placenta_1.GAATTAACGTTGATTCCA,Progenitor trophoblast_Gjb3 high(Placenta)
14,Placenta_1.AAAGTTGAGATCTGAAGC,Progenitor trophoblast_Gjb3 high(Placenta)
15,Placenta_1.TTCATAGCCTAGCTTCTG,Spiral artery trophoblast giant cells(Placenta)
16,Placenta_1.TAGAGAATTTGCTTCCGC,Spiral artery trophoblast giant cells(Placenta)
17,Placenta_1.GAACGCGTGGTATTTAGG,Spongiotrophoblast_Hsd11b2 high(Placenta)
18,Placenta_1.CATGATATTTGCGTCGGT,Labyrinthine trophoblast(Placenta)
19,Placenta_1.ATACAGACACCCGTTGCC,Spiral artery trophoblast giant cells(Placenta)
20,Placenta_1.GCTCAAAAAACGAGGGTC,Spiral artery trophoblast giant cells(Placenta)
21,Placenta_1.ATCTCTATCAACATCTCT,Spiral artery trophoblast giant cells(Placenta)
22,Placenta_1.AGGACTGAATTATCACTT,Labyrinthine trophoblast(Placenta)
23,Placenta_1.CTCCATAGTCGTTTCATA,Spongiotrophoblast_Hsd11b2 high(Placenta)
24,Placenta_1.GGTACAGAACGCATGGCG,Spiral artery trophoblast giant cells(Placenta)
25,Placenta_1.TCGGGTGATCTTATGCTT,Labyrinthine trophoblast(Placenta)
26,Placenta_1.CACAAGCGCACCGGACAT,Spiral artery trophoblast giant cells(Placenta)
27,Placenta_1.TGCGGAGACACTCATGAT,Labyrinthine trophoblast(Placenta)
28,Placenta_1.CTCCATGGTACATGCGGA,Labyrinthine trophoblast(Placenta)
29,Placenta_1.CATCCCTTCATAAGTCGT,Spiral artery trophoblast giant cells(Placenta)
30,Placenta_1.ACCTGAGTCCCGTTGGAC,Spiral artery trophoblast giant cells(Placenta)
31,Placenta_1.GTAATGTTCATACGCTTG,Spiral artery trophoblast giant cells(Placenta)
32,Placenta_1.ATGCTTAAGTACAATAAA,Progenitor trophoblast_Gjb3 high(Placenta)
33,Placenta_1.TGCGGAGTCGGTGGGTTT,Spiral artery trophoblast giant cells(Placenta)
34,Placenta_1.TGCGGATAGAGAATACAG,Spiral artery trophoblast giant cells(Placenta)
35,Placenta_1.TCGGGTACACCCTTCCGC,Spiral artery trophoblast giant cells(Placenta)
36,Placenta_1.CCTAGATAGTCGAGATGG,Spiral artery trophoblast giant cells(Placenta)
37,Placenta_1.GCCTAGGCGTCCACTTAT,Spiral artery trophoblast giant cells(Placenta)
38,Placenta_1.CATCCCCTTCTGCCGACG,Spiral artery trophoblast giant cells(Placenta)
39,Placenta_1.ACTTATAGATGGCCTTTC,Spiral artery trophoblast giant cells(Placenta)
40,Placenta_1.GGGTTTGAGATCTCGTAA,Labyrinthine trophoblast(Placenta)
41,Placenta_1.GAGGAGTAGCATGAATTA,Spiral artery trophoblast giant cells(Placenta)
42,Placenta_1.TGATCAGGCTGCGTCCCG,Spiral artery trophoblast giant cells(Placenta)
43,Placenta_1.TGATCATGTCACCGTGGC,Spiral artery trophoblast giant cells(Placenta)
44,Placenta_1.ACGAGCATTTGCGGGTTT,Spiral artery trophoblast giant cells(Placenta)
45,Placenta_1.AAAACGCTGTGTGTCGGT,Spiral artery trophoblast giant cells(Placenta)
46,Placenta_1.GTGGTATAGCATTATTGT,Spiral artery trophoblast giant cells(Placenta)
47,Placenta_1.ACGAGCGGCTGCGTAATG,Spiral artery trophoblast giant cells(Placenta)
48,Placenta_1.CGCACCAGCGAGGTCGGT,Spiral artery trophoblast giant cells(Placenta)
49,Placenta_1.ATCAACTGCAATAAAGTT,Spiral artery trophoblast giant cells(Placenta)
50,Placenta_1.CCAGACCAACAACATCCC,Spiral artery trophoblast giant cells(Placenta)
51,Placenta_1.GTCCCGGCTCAACAACAA,Spiral artery trophoblast giant cells(Placenta)
52,Placenta_1.GAATTAGGACATACGTTG,Spiral artery trophoblast giant cells(Placenta)
53,Placenta_1.CCTTTCGAGATCCAAAGT,Spiral artery trophoblast giant cells(Placenta)
54,Placenta_1.AACGCCCTGAAATCGTAA,Spiral artery trophoblast giant cells(Placenta)
55,Placenta_1.ACACCCGAGGAGTGCGGA,Spiral artery trophoblast giant cells(Placenta)
56,Placenta_1.CCATCTATGGCGACACCC,Spiral artery trophoblast giant cells(Placenta)
57,Placenta_1.AAGCGGGGACATCTGAAA,Spiral artery trophoblast giant cells(Placenta)
58,Placenta_1.GGCTGCACCTGATATGTA,Spiral artery trophoblast giant cells(Placenta)
59,Placenta_1.GAGGAGGCCCTCGTCGGT,Spiral artery trophoblast giant cells(Placenta)
60,Placenta_1.CTGAAAATGCTTCCGCTA,Spiral artery trophoblast giant cells(Placenta)
61,Placenta_1.AGGGTCCGGCAGAAAACG,Spongiotrophoblast_Phlda2 high(Placenta)
62,Placenta_1.ACAATAGTCCCGGACACT,Spiral artery trophoblast giant cells(Placenta)
63,Placenta_1.AACCTAGCAGGAAATAAA,Progenitor trophoblast_Gjb3 high(Placenta)
64,Placenta_1.CCGACGTTAACTCAAAGT,Spiral artery trophoblast giant cells(Placenta)
65,Placenta_1.AACGCCCGCTTGTAAGGG,Spiral artery trophoblast giant cells(Placenta)
66,Placenta_1.CGTGGCGGTACAGACACT,Spiral artery trophoblast giant cells(Placenta)
67,Placenta_1.TGCAATCCAGACACGAGC,Progenitor trophoblast_Gjb3 high(Placenta)
68,Placenta_1.ACAATATACTTCCAAAGT,Spiral artery trophoblast giant cells(Placenta)
69,Placenta_1.TTAACTAGTCGTATCAAC,Spiral artery trophoblast giant cells(Placenta)
70,Placenta_1.CCATCTGGTACAAGTCGT,Spiral artery trophoblast giant cells(Placenta)
71,Placenta_1.TTTAGGTGCGGAGGACAT,Spiral artery trophoblast giant cells(Placenta)
72,Placenta_1.CCTTTCACCTGATAGCAT,Spiral artery trophoblast giant cells(Placenta)
73,Placenta_1.CATGATAGTCGTCTCGCA,Progenitor trophoblast_Gjb3 high(Placenta)
74,Placenta_1.ATCTCTATACAGCGTGGC,Spiral artery trophoblast giant cells(Placenta)
75,Placenta_1.GTAATGAGCGAGTGATCA,Spiral artery trophoblast giant cells(Placenta)
76,Placenta_1.TACTTCTGATCAATCAAC,Spiral artery trophoblast giant cells(Placenta)
77,Placenta_1.AGGACTCCATCTAAGTAC,Spiral artery trophoblast giant cells(Placenta)
78,Placenta_1.GTAATGCCAGACTCGGGT,Spiral artery trophoblast giant cells(Placenta)
79,Placenta_1.GACACTAATAAAAAGTAC,Spiral artery trophoblast giant cells(Placenta)
80,Placenta_1.GCCCTCTTCATAACTTAT,Spiral artery trophoblast giant cells(Placenta)
81,Placenta_1.TGAAGCACCTGATCAAAG,Progenitor trophoblast_Gjb3 high(Placenta)
82,Placenta_1.GCCTAGCGCACCTCAAAG,Spiral artery trophoblast giant cells(Placenta)
83,Placenta_1.GATCTTTCACTTGTTGCC,Spiral artery trophoblast giant cells(Placenta)
84,Placenta_1.GCGTCCCGCACCTAGCAT,Progenitor trophoblast_Gjb3 high(Placenta)
85,Placenta_1.TAAGGGACGTTGCCAGAC,Spiral artery trophoblast giant cells(Placenta)
86,Placenta_1.CTGAAATAGTCGCATCCC,Spiral artery trophoblast giant cells(Placenta)
87,Placenta_1.TGTGCGGACACTCTCGCA,Spiral artery trophoblast giant cells(Placenta)
88,Placenta_1.CGTGGCACGAGCAGATGG,Spiral artery trophoblast giant cells(Placenta)
89,Placenta_1.CTGTGTTAAGGGTCGGGT,Spiral artery trophoblast giant cells(Placenta)
90,Placenta_1.CTCCATCGGCAGCGGCAG,Spiral artery trophoblast giant cells(Placenta)
91,Placenta_1.CTGAAAGCAGGAAATAAA,Progenitor trophoblast_Gjb3 high(Placenta)
92,Placenta_1.GCCCTCCATCCCTAGTCG,Progenitor trophoblast_Gjb3 high(Placenta)
93,Placenta_1.GCCCTCAAAACGACGTTG,Progenitor trophoblast_Gjb3 high(Placenta)
94,Placenta_1.GCCTAGTGCAATGTCGGT,Spiral artery trophoblast giant cells(Placenta)
95,Placenta_1.TCAAAGAAGTACCTCCAT,Spiral artery trophoblast giant cells(Placenta)
96,Placenta_1.AGTTTACGTGGCAGTTTA,Spiral artery trophoblast giant cells(Placenta)
97,Placenta_1.CGAGTAGTCGGTAATAAA,Spiral artery trophoblast giant cells(Placenta)
98,Placenta_1.GAGGAGAGTCGTTTAACT,Progenitor trophoblast_Gjb3 high(Placenta)
99,Placenta_1.CGTGGCACGTTGAATAAA,Spiral artery trophoblast giant cells(Placenta)
100,Placenta_1.ACAATACCTTTCAGCGAG,Spiral artery trophoblast giant cells(Placenta)
101,Placenta_1.AGTTTATTCCGCGGTACA,Spiral artery trophoblast giant cells(Placenta)
102,Placenta_1.ATACAGGAACGCAGTCGT,Spiral artery trophoblast giant cells(Placenta)
103,Placenta_1.TAGAGACCGCTACGAGTA,Spiral artery trophoblast giant cells(Placenta)
104,Placenta_1.GACACTCCGCTAGCCCTC,Progenitor trophoblast_Gjb3 high(Placenta)
105,Placenta_1.AAGCGGATGCTTTCGTAA,Spiral artery trophoblast giant cells(Placenta)
106,Placenta_1.GAGGAGTAAGGGGTAATG,Labyrinthine trophoblast(Placenta)
107,Placenta_1.GTATACGGGCGAGCAGGA,Spiral artery trophoblast giant cells(Placenta)
108,Placenta_1.CATCCCTCAAAGTTAACT,Progenitor trophoblast_Gjb3 high(Placenta)
109,Placenta_1.ACTTATGGACATGAACGC,Spiral artery trophoblast giant cells(Placenta)
110,Placenta_1.AGGGTCGCGAATCGGCAG,Spiral artery trophoblast giant cells(Placenta)
111,Placenta_1.GAGGAGAGTCGTGATCTT,Progenitor trophoblast_Gjb3 high(Placenta)
112,Placenta_1.CGAGTATACTTCCACAAG,Progenitor trophoblast_Gjb3 high(Placenta)
113,Placenta_1.CCGACGCGAGTAATGGCG,Spiral artery trophoblast giant cells(Placenta)
114,Placenta_1.TTCCGCTCGGGTTTTAGG,Labyrinthine trophoblast(Placenta)
115,Placenta_1.GTAATGTATGTAAGGGTC,Spiral artery trophoblast giant cells(Placenta)
116,Placenta_1.ACAATAAGTTTAGGCTGC,Progenitor trophoblast_Gjb3 high(Placenta)
117,Placenta_1.GTAATGGTATACGTCGGT,Spiral artery trophoblast giant cells(Placenta)
118,Placenta_1.CGCTTGTTGGACCCGACG,Spiral artery trophoblast giant cells(Placenta)
119,Placenta_1.CCGCTAAGGACTACGTTG,Spiral artery trophoblast giant cells(Placenta)
120,Placenta_1.TAAGGGTGTGCGTTCCGC,Spiral artery trophoblast giant cells(Placenta)
121,Placenta_1.TGCAATCCAGACCGTATT,Spiral artery trophoblast giant cells(Placenta)
122,Placenta_1.ACTTATATTCCATACTTC,Spiral artery trophoblast giant cells(Placenta)
123,Placenta_1.TGCAATGGACATGTCGGT,Spiral artery trophoblast giant cells(Placenta)
124,Placenta_1.TTTAGGCGCACCATGCTT,Spiral artery trophoblast giant cells(Placenta)
125,Placenta_1.CGAGTACTCGCAGCCTAG,Spiral artery trophoblast giant cells(Placenta)
126,Placenta_1.CTCGCATCAAAGGACACT,Spiral artery trophoblast giant cells(Placenta)
127,Placenta_1.CTCCATGGCTGCACGAGC,Spiral artery trophoblast giant cells(Placenta)
128,Placenta_2.CTCGCAGCTCAACCGACG,Spongiotrophoblast_Hsd11b2 high(Placenta)
129,Placenta_2.ACAATATTAACTGAGATC,Spiral artery trophoblast giant cells(Placenta)
130,Placenta_2.ACAATAAGGACTAGTCGT,Spongiotrophoblast_Hsd11b2 high(Placenta)
131,Placenta_2.GGTACAGCAGGACCGACG,Spongiotrophoblast_Phlda2 high(Placenta)
132,Placenta_2.AGGACTCGAGTATTTAGG,Spongiotrophoblast_Phlda2 high(Placenta)
133,Placenta_2.ACACCCTTTAGGTATGTA,Progenitor trophoblast_Gjb3 high(Placenta)
134,Placenta_2.ACACCCATCTCTTAGTCG,Spongiotrophoblast_Phlda2 high(Placenta)
135,Placenta_2.GCCCTCGTCGGTGCTGTG,Progenitor trophoblast_Gjb3 high(Placenta)
136,Placenta_2.ACACCCTGCGGAGTCCCG,Progenitor trophoblast_Gjb3 high(Placenta)
137,Placenta_2.AGTTTAAAGTACTCAAAG,Spiral artery trophoblast giant cells(Placenta)
138,Placenta_2.CAACAAAGCGAGATTTGC,Progenitor trophoblast_Gjb3 high(Placenta)
139,Placenta_2.AAGCGGTTAACTCACAAG,Spongiotrophoblast_Phlda2 high(Placenta)
140,Placenta_2.AAGCGGGGCTGCAGGACT,Spiral artery trophoblast giant cells(Placenta)
141,Placenta_2.AAGCGGCGTATTATTTGC,Progenitor trophoblast_Gjb3 high(Placenta)
142,Placenta_2.CCATCTCTGTGTTCAAAG,Progenitor trophoblast_Gjb3 high(Placenta)
143,Placenta_2.TCTACCGCTCAAACAATA,Labyrinthine trophoblast(Placenta)
144,Placenta_2.TCTACCATTCCATGGATG,Spongiotrophoblast_Hsd11b2 high(Placenta)
145,Placenta_2.AACCTACAACAATATGTA,Progenitor trophoblast_Gjb3 high(Placenta)
146,Placenta_2.ACGAGCCTTCTGCAACAA,Spongiotrophoblast_Hsd11b2 high(Placenta)
147,Placenta_2.GACACTCTGTGTAAAGTT,Spongiotrophoblast_Hsd11b2 high(Placenta)
148,Placenta_2.ACGTTGCTTCTGTGGATG,Progenitor trophoblast_Gjb3 high(Placenta)
149,Placenta_2.GTCCCGAATAAAGGCTGC,Progenitor trophoblast_Gjb3 high(Placenta)
150,Placenta_2.CTCGCACCGACGACAATA,Progenitor trophoblast_Gjb3 high(Placenta)
151,Placenta_2.ACAATAATACAGCCTTTC,Spongiotrophoblast_Hsd11b2 high(Placenta)
152,Placenta_2.CGCTTGGCAGGAATGGCG,Progenitor trophoblast_Gjb3 high(Placenta)
153,Placenta_2.ACCTGAAAAACGATTCCA,Spongiotrophoblast_Hsd11b2 high(Placenta)
154,Placenta_2.TTCATAGCAGGACGGCAG,Progenitor trophoblast_Gjb3 high(Placenta)
155,Placenta_2.AAGCGGCCTAGAGTTGCC,Spongiotrophoblast_Phlda2 high(Placenta)
156,Placenta_2.CTGAAAGAGATCTGATCA,Progenitor trophoblast_Gjb3 high(Placenta)
157,Placenta_2.CTCCATAATAAAATGGCG,Progenitor trophoblast_Gjb3 high(Placenta)
158,Placenta_2.CCATCTTAAGGGCCGACG,Progenitor trophoblast_Gjb3 high(Placenta)
159,Placenta_2.CCAGACTATGTACGCACC,Progenitor trophoblast_Gjb3 high(Placenta)
160,Placenta_2.ACAATACAAAGTGGTACA,Spongiotrophoblast_Phlda2 high(Placenta)
161,Placenta_2.GACACTATCTCTTCGTAA,Spiral artery trophoblast giant cells(Placenta)
162,Placenta_2.CGAGTAAACCTAAACCTA,Progenitor trophoblast_Gjb3 high(Placenta)
163,Placenta_2.ACCTGACATGATGGACAT,Spiral artery trophoblast giant cells(Placenta)
164,Placenta_2.ACACCCAGGGTCGGCTGC,Progenitor trophoblast_Gjb3 high(Placenta)
165,Placenta_2.CCATCTGCTGTGTCAAAG,Progenitor trophoblast_Gjb3 high(Placenta)
166,Placenta_2.TTCATATTCATACGGCAG,Spongiotrophoblast_Phlda2 high(Placenta)
167,Placenta_2.GTATACTTAACTTGGATG,Spongiotrophoblast_Hsd11b2 high(Placenta)
168,Placenta_2.GCTCAATCGTAAGGGCGA,Spongiotrophoblast_Hsd11b2 high(Placenta)
169,Placenta_2.TTTAGGGTCCCGTGGATG,Spiral artery trophoblast giant cells(Placenta)
170,Placenta_2.AAGCGGCTCCATTCGGGT,Progenitor trophoblast_Gjb3 high(Placenta)
171,Placenta_2.ATGCTTACTTATGGTACA,Spongiotrophoblast_Phlda2 high(Placenta)
172,Placenta_2.CCGACGACAATAGGTACA,Progenitor trophoblast_Gjb3 high(Placenta)
173,Placenta_2.AGGACTCGTGGCATCTCT,Progenitor trophoblast_Gjb3 high(Placenta)
174,Placenta_2.CTGAAATGCGGAAACGCC,Spongiotrophoblast_Phlda2 high(Placenta)
175,Placenta_2.TAGCATCCTTTCCAAAGT,Spongiotrophoblast_Phlda2 high(Placenta)
176,Placenta_2.CCATCTTGTGCGGCGTCC,Progenitor trophoblast_Gjb3 high(Placenta)
177,Placenta_2.AATAAAACAATAATCTCT,Spiral artery trophoblast giant cells(Placenta)
178,Placenta_2.CTCCATGCGAATACAATA,Spiral artery trophoblast giant cells(Placenta)
179,Placenta_2.ACAATAGTCCCGAATAAA,Spiral artery trophoblast giant cells(Placenta)
180,Placenta_2.CGTATTTGTGCGATACAG,Progenitor trophoblast_Gjb3 high(Placenta)
181,Placenta_2.CCGCTAAAAGTTTGGATG,Progenitor trophoblast_Gjb3 high(Placenta)
182,Placenta_2.GACACTTGAAGCCCGACG,Progenitor trophoblast_Gjb3 high(Placenta)
183,Placenta_2.ACGTTGCATGATAAAGTT,Spongiotrophoblast_Phlda2 high(Placenta)
184,Placenta_2.ATCTCTTACTTCAGTCGT,Spiral artery trophoblast giant cells(Placenta)
185,Placenta_2.GCCCTCGGGTTTTAGCAT,Spongiotrophoblast_Hsd11b2 high(Placenta)
186,Placenta_2.AACGCCATCTCTTTCCGC,Spongiotrophoblast_Hsd11b2 high(Placenta)
187,Placenta_2.ACAATACATGATCAACAA,Spiral artery trophoblast giant cells(Placenta)
188,Placenta_2.ACACCCTGGATGTAAGGG,Spiral artery trophoblast giant cells(Placenta)
189,Placenta_2.GATCTTATGCTTAAAGTT,Progenitor trophoblast_Gjb3 high(Placenta)
190,Placenta_2.CCTAGATTTAGGCATGAT,Spongiotrophoblast_Phlda2 high(Placenta)
191,Placenta_2.CAAAGTTAGCATTTCCGC,Spiral artery trophoblast giant cells(Placenta)
192,Placenta_2.CCTAGAATGGCGCGCACC,Progenitor trophoblast_Gjb3 high(Placenta)
193,Placenta_2.GGCTGCTATTGTCGAGTA,Progenitor trophoblast_Gjb3 high(Placenta)
194,Placenta_2.ACAATAAAAACGTGAAGC,Spongiotrophoblast_Phlda2 high(Placenta)
195,Placenta_2.CGCTTGTGCGGACGTATT,Progenitor trophoblast_Gjb3 high(Placenta)
196,Placenta_2.AACGCCGAGATCCACAAG,Progenitor trophoblast_Gjb3 high(Placenta)
197,Placenta_2.CTCGCAAAGTACCTCGCA,Progenitor trophoblast_Gjb3 high(Placenta)
198,Placenta_2.AGTTTATGATCAGCGTCC,Progenitor trophoblast_Gjb3 high(Placenta)
199,Placenta_2.TCGGGTTGCAATTACTTC,Progenitor trophoblast_Gjb3 high(Placenta)
200,Placenta_2.CGAGTATCACTTATCTCT,Spiral artery trophoblast giant cells(Placenta)
201,Placenta_2.GCGAATTCACTTGGACAT,Progenitor trophoblast_Gjb3 high(Placenta)
202,Placenta_2.TCGGGTAAAACGGGTACA,Progenitor trophoblast_Gjb3 high(Placenta)
203,Placenta_2.AGGACTTTTAGGAACGCC,Spongiotrophoblast_Hsd11b2 high(Placenta)
204,Placenta_2.ACGTTGTAGCATACCTGA,Progenitor trophoblast_Gjb3 high(Placenta)
205,Placenta_2.GAGGAGTGAAGCAGATGG,Spongiotrophoblast_Phlda2 high(Placenta)
206,Placenta_2.CTCGCATTGGACCGCACC,Progenitor trophoblast_Gjb3 high(Placenta)
207,Placenta_2.TCACTTAGGACTCTCCAT,Spongiotrophoblast_Hsd11b2 high(Placenta)
208,Placenta_2.TCAAAGGTGGTACTTCTG,Spiral artery trophoblast giant cells(Placenta)
209,Placenta_2.ACAATATAGTCGTTGGAC,Progenitor trophoblast_Gjb3 high(Placenta)
210,Placenta_2.TCTACCCCGCTAGCCTAG,Progenitor trophoblast_Gjb3 high(Placenta)
211,Placenta_2.GTAATGAACGCCAGATGG,Spiral artery trophoblast giant cells(Placenta)
212,Placenta_2.GACACTCCTTTCCCATCT,Spiral artery trophoblast giant cells(Placenta)
213,Placenta_2.CTGAAATCTACCGGGCGA,Spongiotrophoblast_Phlda2 high(Placenta)
214,Placenta_2.AGCGAGAGCGAGAAAACG,Spiral artery trophoblast giant cells(Placenta)
215,Placenta_2.GCGTCCGCGAATTCGTAA,Spongiotrophoblast_Phlda2 high(Placenta)
216,Placenta_2.ACCTGATGCGGAGCTGTG,Progenitor trophoblast_Gjb3 high(Placenta)
217,Placenta_2.CGAGTAAATAAAGGGCGA,Spongiotrophoblast_Hsd11b2 high(Placenta)
218,Placenta_2.GATCTTAGTTTAGGTACA,Spiral artery trophoblast giant cells(Placenta)
219,Placenta_2.CCATCTAAAACGATACAG,Spiral artery trophoblast giant cells(Placenta)
220,Placenta_2.CTCGCATGCGGAGAGGAG,Progenitor trophoblast_Gjb3 high(Placenta)
221,Placenta_2.TTTAGGCCGCTAAAAACG,Spiral artery trophoblast giant cells(Placenta)
222,Placenta_2.AGTCGTTGGATGACCTGA,Spongiotrophoblast_Hsd11b2 high(Placenta)
223,Placenta_2.GTTGCCAATAAAGGGTTT,Progenitor trophoblast_Gjb3 high(Placenta)
224,Placenta_2.CACAAGGGGTTTAGTCGT,Spiral artery trophoblast giant cells(Placenta)
225,Placenta_2.GAGATCTCGTAAGGACAT,Spongiotrophoblast_Phlda2 high(Placenta)
226,Placenta_2.AACCTAGCCTAGGCTGTG,Progenitor trophoblast_Gjb3 high(Placenta)
227,Placenta_2.CCTTTCGGGTTTATGGCG,Progenitor trophoblast_Gjb3 high(Placenta)
228,Placenta_2.CCTAGAGAATTAGAACGC,Progenitor trophoblast_Gjb3 high(Placenta)
229,Placenta_2.ACAATATGCGGATGCGGA,Spiral artery trophoblast giant cells(Placenta)
230,Placenta_2.TTAACTCGTGGCTTTAGG,Spongiotrophoblast_Phlda2 high(Placenta)
231,Placenta_2.ACCTGATTTAGGTAGTCG,Spiral artery trophoblast giant cells(Placenta)
232,Placenta_2.CCGACGTCGTAACGCTTG,Progenitor trophoblast_Gjb3 high(Placenta)
233,Placenta_2.TAGCATGAACGCACCTGA,Progenitor trophoblast_Gjb3 high(Placenta)
234,Placenta_2.CGCACCCCTAGACAACAA,Progenitor trophoblast_Gjb3 high(Placenta)
235,Placenta_2.TCAAAGACCTGATCAAAG,Spiral artery trophoblast giant cells(Placenta)
236,Placenta_2.TCTACCTCGTAATTAACT,Spongiotrophoblast_Phlda2 high(Placenta)
237,Placenta_2.ATCAACTATTGTAGTCGT,Spongiotrophoblast_Hsd11b2 high(Placenta)
238,Placenta_2.GGGCGAAAGTACCCGACG,Progenitor trophoblast_Gjb3 high(Placenta)
239,Placenta_2.ACAATAGGCTGCTAGAGA,Progenitor trophoblast_Gjb3 high(Placenta)
240,Placenta_2.ACTTATCCTAGATGTGCG,Progenitor trophoblast_Gjb3 high(Placenta)
241,Placenta_2.ACAATACGGCAGAAGCGG,Spongiotrophoblast_Hsd11b2 high(Placenta)
242,Placenta_2.ACGTTGTCGGGTTGCGGA,Progenitor trophoblast_Gjb3 high(Placenta)
243,Placenta_2.TAGCATGAGGAGTAGAGA,Progenitor trophoblast_Gjb3 high(Placenta)
244,Placenta_2.ACGAGCCAACAAAAAACG,Spiral artery trophoblast giant cells(Placenta)
245,Placenta_2.CGCTTGAGATGGACAATA,Progenitor trophoblast_Gjb3 high(Placenta)
246,Placenta_2.TCGGGTGATCTTACCTGA,Progenitor trophoblast_Gjb3 high(Placenta)
247,Placenta_2.GTTGCCTGGATGTAGAGA,Spongiotrophoblast_Hsd11b2 high(Placenta)
248,Placenta_2.CACAAGGGTACACGGCAG,Progenitor trophoblast_Gjb3 high(Placenta)
249,Placenta_2.ACAATACGGCAGATTCCA,Progenitor trophoblast_Gjb3 high(Placenta)
250,Placenta_2.CGAGTATGATCACTCCAT,Spongiotrophoblast_Hsd11b2 high(Placenta)
251,Placenta_2.GCTCAAGAACGCCATCCC,Progenitor trophoblast_Gjb3 high(Placenta)
252,Placenta_2.GCCTAGACAATATGCGGA,Progenitor trophoblast_Gjb3 high(Placenta)
253,Placenta_2.CGTGGCGAGATCACAATA,Progenitor trophoblast_Gjb3 high(Placenta)
254,Placenta_2.CTGTGTGCGTCCGGACAT,Progenitor trophoblast_Gjb3 high(Placenta)
255,Placenta_2.TCTACCGCGTCCGCGTCC,Progenitor trophoblast_Gjb3 high(Placenta)
256,Placenta_2.GACACTGGGTTTGCGAAT,Spiral artery trophoblast giant cells(Placenta)
257,Placenta_2.CTCCATATGGCGACACCC,Progenitor trophoblast_Gjb3 high(Placenta)
258,Placenta_2.GAGGAGCATGATGGTACA,Spiral artery trophoblast giant cells(Placenta)
259,Placenta_2.TCTACCTCGTAAGATCTT,Spongiotrophoblast_Phlda2 high(Placenta)
260,Placenta_2.GCGTCCAAAGTTGACACT,Progenitor trophoblast_Gjb3 high(Placenta)
261,Placenta_2.GTTGCCTTAACTATCTCT,Spongiotrophoblast_Phlda2 high(Placenta)
262,Placenta_2.GAATTAGGTACAGAGATC,Progenitor trophoblast_Gjb3 high(Placenta)
263,Placenta_2.CTTCTGCCTAGACACAAG,Spongiotrophoblast_Hsd11b2 high(Placenta)
264,Placenta_2.GACACTCGGCAGATCTCT,Progenitor trophoblast_Gjb3 high(Placenta)
265,Placenta_2.GAACGCTTTAGGGAATTA,Spongiotrophoblast_Hsd11b2 high(Placenta)
266,Placenta_2.AGTTTACAACAATAAGGG,Spongiotrophoblast_Hsd11b2 high(Placenta)
267,Placenta_2.CCGCTATAGAGAGTTGCC,Spongiotrophoblast_Phlda2 high(Placenta)
268,Placenta_2.ACTTATTCTACCACACCC,Spongiotrophoblast_Phlda2 high(Placenta)
269,Placenta_2.GCTCAAACAATAGTGGTA,Spiral artery trophoblast giant cells(Placenta)
270,Placenta_2.AACCTATATTGTGTAATG,Spiral artery trophoblast giant cells(Placenta)
271,Placenta_2.CTCGCATAGTCGGAACGC,Spiral artery trophoblast giant cells(Placenta)
272,Placenta_2.CGCTTGGAGGAGTAGCAT,Progenitor trophoblast_Gjb3 high(Placenta)
273,Placenta_2.GGACATGGCTGCGCCCTC,Progenitor trophoblast_Gjb3 high(Placenta)
274,Placenta_2.GACACTCGCACCAAGCGG,Spiral artery trophoblast giant cells(Placenta)
275,Placenta_2.TCAAAGCCATCTTCACTT,Spiral artery trophoblast giant cells(Placenta)
276,Placenta_2.CGTGGCCGCACCCGGCAG,Spongiotrophoblast_Hsd11b2 high(Placenta)
277,Placenta_2.ACAATACCAGACTCGGGT,Progenitor trophoblast_Gjb3 high(Placenta)
278,Placenta_2.ACCTGATATGTAATGGCG,Progenitor trophoblast_Gjb3 high(Placenta)
279,Placenta_2.GCGAATCAACAAGGGCGA,Spiral artery trophoblast giant cells(Placenta)
280,Placenta_2.AACCTACGAGTAGACACT,Progenitor trophoblast_Gjb3 high(Placenta)
281,Placenta_2.AATAAACGTGGCACGAGC,Progenitor trophoblast_Gjb3 high(Placenta)
282,Placenta_2.CGCTTGATCTCTGCTCAA,Spongiotrophoblast_Hsd11b2 high(Placenta)
283,Placenta_2.AAGCGGAACGCCTGATCA,Spongiotrophoblast_Phlda2 high(Placenta)
284,Placenta_2.CCTTTCCGCACCAGGACT,Progenitor trophoblast_Gjb3 high(Placenta)
285,Placenta_2.GAACGCCCTTTCGAGGAG,Progenitor trophoblast_Gjb3 high(Placenta)
286,Placenta_2.TGCAATTGGATGCGTATT,Spongiotrophoblast_Hsd11b2 high(Placenta)
287,Placenta_2.CCATCTGGGTTTCGTATT,Spongiotrophoblast_Phlda2 high(Placenta)
288,Placenta_2.TCAAAGTTAACTGTATAC,Spongiotrophoblast_Phlda2 high(Placenta)
289,Placenta_2.GAGATCGCTGTGGTCGGT,Spiral artery trophoblast giant cells(Placenta)
290,Placenta_2.TCGGGTACCTGATTCCGC,Spongiotrophoblast_Hsd11b2 high(Placenta)
291,Placenta_2.GCTGTGAACCTAAAAACG,Progenitor trophoblast_Gjb3 high(Placenta)
292,Placenta_2.GCTCAATTGGACCATCCC,Spiral artery trophoblast giant cells(Placenta)
293,Placenta_2.CCATCTAGTCGTGCGAAT,Spongiotrophoblast_Phlda2 high(Placenta)
294,Placenta_2.ACACCCTGTGCGACACCC,Spongiotrophoblast_Phlda2 high(Placenta)
295,Placenta_2.CGAGTAGGTACATATTGT,Spiral artery trophoblast giant cells(Placenta)
296,Placenta_2.CACAAGTATTGTTCGTAA,Progenitor trophoblast_Gjb3 high(Placenta)
297,Placenta_2.AGTTTATTAACTACCTGA,Spongiotrophoblast_Hsd11b2 high(Placenta)
298,Placenta_2.AACGCCTTTAGGAAGCGG,Spiral artery trophoblast giant cells(Placenta)
299,Placenta_2.GCGTCCATTCCATTCATA,Progenitor trophoblast_Gjb3 high(Placenta)
300,Placenta_2.AGTTTATAGAGATCAAAG,Progenitor trophoblast_Gjb3 high(Placenta)
301,Placenta_2.GCTCAATCGTAATATGTA,Spiral artery trophoblast giant cells(Placenta)
302,Placenta_2.ACAATAATGGCGTGTGCG,Progenitor trophoblast_Gjb3 high(Placenta)
303,Placenta_2.CACAAGTGTCACGCCTAG,Progenitor trophoblast_Gjb3 high(Placenta)
304,Placenta_2.CTGAAATAGTCGCTTCTG,Progenitor trophoblast_Gjb3 high(Placenta)
305,Placenta_2.ACTTATACGTTGACACCC,Progenitor trophoblast_Gjb3 high(Placenta)
306,Placenta_2.ACACCCTATGTAATCAAC,Spiral artery trophoblast giant cells(Placenta)
307,Placenta_2.TCTACCGGGTTTAAGCGG,Progenitor trophoblast_Gjb3 high(Placenta)
308,Placenta_2.GACACTAGGACTTTCCGC,Spongiotrophoblast_Phlda2 high(Placenta)
309,Placenta_2.TGAAGCATCAACCCGACG,Progenitor trophoblast_Gjb3 high(Placenta)
310,Placenta_2.ACGAGCGCGAATTTTAGG,Progenitor trophoblast_Gjb3 high(Placenta)
311,Placenta_2.GCTGTGATCTCTTCGGGT,Spongiotrophoblast_Phlda2 high(Placenta)
312,Placenta_2.CGTGGCGCGTCCTGGATG,Progenitor trophoblast_Gjb3 high(Placenta)
313,Placenta_2.TGCAATTGGATGCCGCTA,Spiral artery trophoblast giant cells(Placenta)
314,Placenta_2.CCATCTATTCCATTCCGC,Progenitor trophoblast_Gjb3 high(Placenta)
315,Placenta_2.CGGCAGGCCCTCAAAACG,Spongiotrophoblast_Phlda2 high(Placenta)
316,Placenta_2.GCGAATGAGATCAAAACG,Spiral artery trophoblast giant cells(Placenta)
317,Placenta_2.TCAAAGCGAGTAAGCGAG,Progenitor trophoblast_Gjb3 high(Placenta)
318,Placenta_2.TCAAAGCGGCAGCATGAT,Progenitor trophoblast_Gjb3 high(Placenta)
319,Placenta_2.TCGGGTCGGCAGTGTGCG,Spongiotrophoblast_Hsd11b2 high(Placenta)
320,Placenta_2.TGAAGCGGACATCCGCTA,Progenitor trophoblast_Gjb3 high(Placenta)
321,Placenta_2.CGCTTGTGAAGCCACAAG,Progenitor trophoblast_Gjb3 high(Placenta)
322,Placenta_2.GCGAATCTCGCAACACCC,Progenitor trophoblast_Gjb3 high(Placenta)
323,Placenta_2.CACAAGTTCATACTGAAA,Progenitor trophoblast_Gjb3 high(Placenta)
324,Placenta_2.TCAAAGAGGGTCCCAGAC,Spiral artery trophoblast giant cells(Placenta)
325,Placenta_2.CTCCATGATCTTAGCGAG,Progenitor trophoblast_Gjb3 high(Placenta)
326,Placenta_2.CCGCTAGGACATCAAAGT,Spongiotrophoblast_Phlda2 high(Placenta)
327,Placenta_2.CCATCTTGCGGAAAAGTT,Spongiotrophoblast_Phlda2 high(Placenta)
328,Placenta_2.TTAACTGTATACCATGAT,Progenitor trophoblast_Gjb3 high(Placenta)
329,Placenta_2.ATCTCTACAATAGAACGC,Progenitor trophoblast_Gjb3 high(Placenta)
330,Placenta_2.GCTCAATCACTTCAACAA,Progenitor trophoblast_Gjb3 high(Placenta)
331,Placenta_2.GAGATCAGTTTAGTTGCC,Progenitor trophoblast_Gjb3 high(Placenta)
332,Placenta_2.AGTTTAGAACGCGAGATC,Spongiotrophoblast_Phlda2 high(Placenta)
333,Placenta_2.AGCGAGTATGTAACCTGA,Spiral artery trophoblast giant cells(Placenta)
334,Placenta_2.CCGACGTTCATAACAATA,Progenitor trophoblast_Gjb3 high(Placenta)
335,Placenta_2.GTGGTACGAGTACCGACG,Progenitor trophoblast_Gjb3 high(Placenta)
336,Placenta_2.CTCCATGCGAATATCTCT,Progenitor trophoblast_Gjb3 high(Placenta)
337,Placenta_2.ACCTGAATTCCAACAATA,Progenitor trophoblast_Gjb3 high(Placenta)
338,Placenta_2.TTTAGGCACAAGTACTTC,Spongiotrophoblast_Phlda2 high(Placenta)
339,Placenta_2.CCGCTATAAGGGCATGAT,Progenitor trophoblast_Gjb3 high(Placenta)
340,Placenta_2.GACACTTGGATGAAAACG,Spongiotrophoblast_Phlda2 high(Placenta)
341,Placenta_2.ACAATAGTTGCCGCTCAA,Progenitor trophoblast_Gjb3 high(Placenta)
342,Placenta_2.GAACGCTAGCATGTAATG,Progenitor trophoblast_Gjb3 high(Placenta)
343,Placenta_2.TGAAGCATCAACTGCAAT,Spiral artery trophoblast giant cells(Placenta)
344,Placenta_2.GCAGGATTCATAGTAATG,Progenitor trophoblast_Gjb3 high(Placenta)
345,Placenta_2.GGTACAAGCGAGAGCGAG,Spongiotrophoblast_Phlda2 high(Placenta)
346,Placenta_2.GCTCAAAAAGTTGCTCAA,Spongiotrophoblast_Hsd11b2 high(Placenta)
347,Placenta_2.AACCTACCGACGTCAAAG,Progenitor trophoblast_Gjb3 high(Placenta)
348,Placenta_2.AACCTAGCTGTGAAGCGG,Progenitor trophoblast_Gjb3 high(Placenta)
349,Placenta_2.GTATACACTTATCTTCTG,Spongiotrophoblast_Phlda2 high(Placenta)
350,Placenta_2.GCGTCCTGCAATTATTGT,Progenitor trophoblast_Gjb3 high(Placenta)
351,Placenta_2.CTGAAAGCCCTCCCAGAC,Spongiotrophoblast_Hsd11b2 high(Placenta)
352,Placenta_2.GCGTCCCAACAAACGTTG,Progenitor trophoblast_Gjb3 high(Placenta)
353,Placenta_2.GGTACACAACAAGTAATG,Spongiotrophoblast_Hsd11b2 high(Placenta)
354,Placenta_2.TCTACCTGTCACAACCTA,Spongiotrophoblast_Hsd11b2 high(Placenta)
355,Placenta_2.AGTTTAGACACTACTTAT,Spongiotrophoblast_Phlda2 high(Placenta)
356,Placenta_2.CGTATTGGGCGACTTCTG,Spiral artery trophoblast giant cells(Placenta)
357,Placenta_2.CATGATACCTGACAAAGT,Progenitor trophoblast_Gjb3 high(Placenta)
358,Placenta_2.GCCCTCTTAACTTGAAGC,Progenitor trophoblast_Gjb3 high(Placenta)
359,Placenta_2.GTATACCCGACGGAATTA,Progenitor trophoblast_Gjb3 high(Placenta)
360,Placenta_2.TCACTTTAGAGATCACTT,Progenitor trophoblast_Gjb3 high(Placenta)
361,Placenta_2.GCTGTGTGCAATACGAGC,Spongiotrophoblast_Phlda2 high(Placenta)
362,Placenta_2.GACACTTTCCGCTATGTA,Progenitor trophoblast_Gjb3 high(Placenta)
363,Placenta_2.ACAATAATGGCGCGCACC,Progenitor trophoblast_Gjb3 high(Placenta)
364,Placenta_2.CGAGTAGGACATTATGTA,Progenitor trophoblast_Gjb3 high(Placenta)
365,Placenta_2.CGCTTGAATAAATGATCA,Spongiotrophoblast_Phlda2 high(Placenta)
366,Placenta_2.CCATCTCATCCCTAGAGA,Progenitor trophoblast_Gjb3 high(Placenta)
367,Placenta_2.ACAATACCAGACTAGAGA,Progenitor trophoblast_Gjb3 high(Placenta)
368,Placenta_2.CAACAATATGTATGTGCG,Spongiotrophoblast_Phlda2 high(Placenta)
369,Placenta_2.TGATCATACTTCCAAAGT,Spongiotrophoblast_Hsd11b2 high(Placenta)
370,Placenta_2.TAGCATGGGTTTCTGAAA,Progenitor trophoblast_Gjb3 high(Placenta)
371,Placenta_2.CAAAGTTATGTATAGCAT,Progenitor trophoblast_Gjb3 high(Placenta)
372,Placenta_2.AACCTAACGTTGAAGTAC,Progenitor trophoblast_Gjb3 high(Placenta)
373,Placenta_2.TAAGGGGGCTGCGCTCAA,Spongiotrophoblast_Phlda2 high(Placenta)
374,Placenta_2.TTTAGGGCTCAAACAATA,Spiral artery trophoblast giant cells(Placenta)
375,Placenta_2.GGTACATGGATGGCAGGA,Progenitor trophoblast_Gjb3 high(Placenta)
376,Placenta_2.TTGGACGAGATCCCGACG,Progenitor trophoblast_Gjb3 high(Placenta)
377,Placenta_2.GCGTCCAGATGGACAATA,Progenitor trophoblast_Gjb3 high(Placenta)
378,Placenta_2.CGCTTGACTTATTCAAAG,Spongiotrophoblast_Phlda2 high(Placenta)
379,Placenta_2.ATTCCACTCGCAGTATAC,Spiral artery trophoblast giant cells(Placenta)
380,Placenta_2.AACGCCGCCTAGCTGAAA,Spongiotrophoblast_Phlda2 high(Placenta)
381,Placenta_2.AAGTACGACACTAACGCC,Progenitor trophoblast_Gjb3 high(Placenta)
382,Placenta_2.CGCTTGAAGTACATGGCG,Spongiotrophoblast_Hsd11b2 high(Placenta)
383,Placenta_2.AACGCCCGTGGCATACAG,Spongiotrophoblast_Phlda2 high(Placenta)
384,Placenta_2.TGATCAGGGCGAGAGATC,Progenitor trophoblast_Gjb3 high(Placenta)
385,Placenta_2.GTAATGGCCTAGCCTTTC,Progenitor trophoblast_Gjb3 high(Placenta)
386,Placenta_2.TTCATAAAAACGCTCCAT,Spiral artery trophoblast giant cells(Placenta)
387,Placenta_2.ATACAGCTCGCACGTATT,Progenitor trophoblast_Gjb3 high(Placenta)
388,Placenta_2.CTGAAAAGTCGTAGATGG,Progenitor trophoblast_Gjb3 high(Placenta)
389,Placenta_2.TCTACCCGAGTACCTAGA,Spiral artery trophoblast giant cells(Placenta)
390,Placenta_2.GAGATCCAACAAACAATA,Progenitor trophoblast_Gjb3 high(Placenta)
391,Placenta_2.ACACCCTGGATGTCGTAA,Progenitor trophoblast_Gjb3 high(Placenta)
392,Placenta_2.GTATACTGAAGCTGTGCG,Spongiotrophoblast_Hsd11b2 high(Placenta)
393,Placenta_2.TTGGACACTTATTAGAGA,Progenitor trophoblast_Gjb3 high(Placenta)
394,Placenta_2.GATCTTTCGGGTAGCGAG,Progenitor trophoblast_Gjb3 high(Placenta)
395,Placenta_2.AGTCGTACTTATTCGGGT,Spiral artery trophoblast giant cells(Placenta)
396,Placenta_2.GGTACAATCTCTACGTTG,Spongiotrophoblast_Phlda2 high(Placenta)
397,Placenta_2.ACACCCGAGGAGTGTGCG,Progenitor trophoblast_Gjb3 high(Placenta)
398,Placenta_2.GAATTAGCGAATTAGTCG,Progenitor trophoblast_Gjb3 high(Placenta)
399,Placenta_2.ATGCTTCCATCTCTGAAA,Spiral artery trophoblast giant cells(Placenta)
400,Placenta_2.CCTTTCCGTGGCTTTAGG,Progenitor trophoblast_Gjb3 high(Placenta)
401,Placenta_2.ATTCCAGAACGCTCTACC,Spongiotrophoblast_Phlda2 high(Placenta)
402,Placenta_2.ATACAGTATGTACAACAA,Spongiotrophoblast_Hsd11b2 high(Placenta)
403,Placenta_2.GCTGTGGCTCAAACGAGC,Spongiotrophoblast_Phlda2 high(Placenta)
404,Placenta_2.CGCTTGGTAATGGACACT,Spongiotrophoblast_Hsd11b2 high(Placenta)
405,Placenta_2.TAGTCGGGCTGCATGGCG,Progenitor trophoblast_Gjb3 high(Placenta)
406,Placenta_2.CGCACCGCGAATACTTAT,Progenitor trophoblast_Gjb3 high(Placenta)
407,Placenta_2.CGTGGCTATTGTATGGCG,Progenitor trophoblast_Gjb3 high(Placenta)
408,Placenta_2.AAGCGGGATCTTGTATAC,Spongiotrophoblast_Phlda2 high(Placenta)
409,Placenta_2.CTCGCACAAAGTGCAGGA,Spongiotrophoblast_Hsd11b2 high(Placenta)
410,Placenta_2.AAAACGATCAACTCACTT,Progenitor trophoblast_Gjb3 high(Placenta)
411,Placenta_2.GATCTTAGTTTAATCTCT,Progenitor trophoblast_Gjb3 high(Placenta)
412,Placenta_2.CTGAAAAAGTACAACGCC,Progenitor trophoblast_Gjb3 high(Placenta)
413,Placenta_2.AAAACGATGGCGTTGGAC,Progenitor trophoblast_Gjb3 high(Placenta)
414,Placenta_2.AGTCGTACTTATGCTCAA,Progenitor trophoblast_Gjb3 high(Placenta)
415,Placenta_2.CAAAGTCTTCTGCTCGCA,Spiral artery trophoblast giant cells(Placenta)
416,Placenta_2.GTAATGCCTTTCTAGTCG,Spongiotrophoblast_Phlda2 high(Placenta)
417,Placenta_2.AATAAATTCATACGTATT,Progenitor trophoblast_Gjb3 high(Placenta)
418,Placenta_2.GGGCGATTCATATTCCGC,Progenitor trophoblast_Gjb3 high(Placenta)
419,Placenta_2.CGAGTAGACACTATCTCT,Spongiotrophoblast_Hsd11b2 high(Placenta)
420,Placenta_2.AACCTAGTATACCGAGTA,Spiral artery trophoblast giant cells(Placenta)
421,Placenta_2.GGTACACGGCAGGCCTAG,Progenitor trophoblast_Gjb3 high(Placenta)
422,Placenta_2.AAAGTTCATCCCACGAGC,Progenitor trophoblast_Gjb3 high(Placenta)
423,Placenta_2.TACTTCTTGGACAAAGTT,Spiral artery trophoblast giant cells(Placenta)
424,Placenta_2.ACCTGAACCTGAACTTAT,Spongiotrophoblast_Phlda2 high(Placenta)
425,Placenta_2.AGGGTCTCACTTAGGGTC,Spongiotrophoblast_Hsd11b2 high(Placenta)
426,Placenta_2.AGTTTAAAGTACCCGACG,Spiral artery trophoblast giant cells(Placenta)
427,Placenta_2.ACGAGCTATTGTACAATA,Spongiotrophoblast_Phlda2 high(Placenta)
428,Placenta_2.GTTGCCAATAAACTTCTG,Progenitor trophoblast_Gjb3 high(Placenta)
429,Placenta_2.ATCTCTGCTGTGATCAAC,Spongiotrophoblast_Hsd11b2 high(Placenta)
430,Placenta_2.GAGATCAGGGTCGGGTTT,Spongiotrophoblast_Phlda2 high(Placenta)
431,Placenta_2.CGTGGCGTCCCGACGAGC,Progenitor trophoblast_Gjb3 high(Placenta)
432,Placenta_2.GGGCGAGGGCGAGACACT,Progenitor trophoblast_Gjb3 high(Placenta)
433,Placenta_2.TTCATACAACAACGCTTG,Spongiotrophoblast_Hsd11b2 high(Placenta)
434,Placenta_2.GCAGGATGAAGCTGAAGC,Spongiotrophoblast_Phlda2 high(Placenta)
435,Placenta_2.GCAGGAAGTCGTGCTGTG,Spongiotrophoblast_Phlda2 high(Placenta)
436,Placenta_2.ACAATAGCTCAACCGCTA,Spiral artery trophoblast giant cells(Placenta)
437,Placenta_2.AGTCGTGAATTACACAAG,Progenitor trophoblast_Gjb3 high(Placenta)
438,Placenta_2.TTTAGGTCACTTCCTAGA,Progenitor trophoblast_Gjb3 high(Placenta)
439,Placenta_2.TTTAGGATCAACAGGACT,Progenitor trophoblast_Gjb3 high(Placenta)
440,Placenta_2.GCGTCCTGCAATTGAAGC,Spongiotrophoblast_Hsd11b2 high(Placenta)
441,Placenta_2.ATACAGGGCTGCTCAAAG,Labyrinthine trophoblast(Placenta)
442,Placenta_2.AAAGTTGCGAATCGTATT,Progenitor trophoblast_Gjb3 high(Placenta)
443,Placenta_2.AGGACTGCTCAACATGAT,Progenitor trophoblast_Gjb3 high(Placenta)
444,Placenta_2.TGCAATACACCCTAGTCG,Progenitor trophoblast_Gjb3 high(Placenta)
445,Placenta_2.AAGCGGAAAGTTTTCCGC,Spiral artery trophoblast giant cells(Placenta)
446,Placenta_2.CCGACGCGCACCTATGTA,Progenitor trophoblast_Gjb3 high(Placenta)
447,Placenta_2.AGTCGTCCGACGTGCAAT,Spongiotrophoblast_Phlda2 high(Placenta)
448,Placenta_2.GCGAATTAGAGACTTCTG,Progenitor trophoblast_Gjb3 high(Placenta)
449,Placenta_2.TCGGGTAGCGAGAAAACG,Spongiotrophoblast_Phlda2 high(Placenta)
450,Placenta_2.AGTCGTATCAACATTCCA,Spongiotrophoblast_Phlda2 high(Placenta)
451,Placenta_2.GGGTTTCAACAAACGAGC,Progenitor trophoblast_Gjb3 high(Placenta)
452,Placenta_2.CACAAGGGGCGACGTATT,Progenitor trophoblast_Gjb3 high(Placenta)
453,Placenta_2.ATCTCTTACTTCCACAAG,Progenitor trophoblast_Gjb3 high(Placenta)
454,Placenta_2.AACCTATCGGGTTTAACT,Spongiotrophoblast_Hsd11b2 high(Placenta)
455,Placenta_2.CACAAGTAGCATTTTAGG,Spiral artery trophoblast giant cells(Placenta)
456,Placenta_2.ACAATAGTCGGTGTCCCG,Spiral artery trophoblast giant cells(Placenta)
457,Placenta_2.TCGGGTTCGTAACCAGAC,Spongiotrophoblast_Phlda2 high(Placenta)
458,Placenta_2.CGCACCGGACATTGTGCG,Progenitor trophoblast_Gjb3 high(Placenta)
459,Placenta_2.ATACAGCGCACCTAGTCG,Progenitor trophoblast_Gjb3 high(Placenta)
460,Placenta_2.TATTGTACCTGATACTTC,Spongiotrophoblast_Hsd11b2 high(Placenta)
461,Placenta_2.CCGACGACACCCCCATCT,Progenitor trophoblast_Gjb3 high(Placenta)
462,Placenta_2.GCTCAAAACGCCCATCCC,Spongiotrophoblast_Phlda2 high(Placenta)
463,Placenta_2.CAACAAGCGTCCTGTCAC,Progenitor trophoblast_Gjb3 high(Placenta)
464,Placenta_2.CTGTGTCATGATTTCCGC,Spiral artery trophoblast giant cells(Placenta)
465,Placenta_2.CGCTTGCGGCAGCCATCT,Spongiotrophoblast_Hsd11b2 high(Placenta)
466,Placenta_2.CAAAGTAGCGAGCTCGCA,Progenitor trophoblast_Gjb3 high(Placenta)
467,Placenta_2.GTATACTTCCGCGTTGCC,Progenitor trophoblast_Gjb3 high(Placenta)
468,Placenta_2.GTAATGTTAACTAAAGTT,Spongiotrophoblast_Phlda2 high(Placenta)
469,Placenta_2.AGGGTCTATTGTCAAAGT,Progenitor trophoblast_Gjb3 high(Placenta)
470,Placenta_2.GCAGGATTTAGGATTCCA,Progenitor trophoblast_Gjb3 high(Placenta)
471,Placenta_2.TTAACTGCGTCCTTAACT,Spongiotrophoblast_Hsd11b2 high(Placenta)
472,Placenta_2.GTCGGTCAAAGTACGTTG,Spiral artery trophoblast giant cells(Placenta)
473,Placenta_2.TAGCATCTGAAATCGGGT,Progenitor trophoblast_Gjb3 high(Placenta)
474,Placenta_2.AACGCCCATCCCACGTTG,Progenitor trophoblast_Gjb3 high(Placenta)
475,Placenta_2.TCTACCGAATTAGAGATC,Spongiotrophoblast_Phlda2 high(Placenta)
476,Placenta_2.TTCATACGCTTGAATAAA,Spongiotrophoblast_Hsd11b2 high(Placenta)
477,Placenta_2.AAAGTTGGGCGATCGGGT,Progenitor trophoblast_Gjb3 high(Placenta)
478,Placenta_2.AAGTACTACTTCGTCGGT,Progenitor trophoblast_Gjb3 high(Placenta)
479,Placenta_2.CTCCATTGGATGTAGCAT,Spongiotrophoblast_Hsd11b2 high(Placenta)
480,Placenta_2.GATCTTATTTGCTCAAAG,Progenitor trophoblast_Gjb3 high(Placenta)
481,Placenta_2.CTCGCATAAGGGTCACTT,Progenitor trophoblast_Gjb3 high(Placenta)
482,Placenta_2.CGCTTGCATGATCGAGTA,Progenitor trophoblast_Gjb3 high(Placenta)
483,Placenta_2.TAGCATTTGGACCTCCAT,Progenitor trophoblast_Gjb3 high(Placenta)
484,Placenta_2.GCCCTCTGTCACCGCACC,Labyrinthine trophoblast(Placenta)
485,Placenta_2.GTGGTACATCCCCGCACC,Spiral artery trophoblast giant cells(Placenta)
486,Placenta_2.ATCTCTGAGATCGTTGCC,Spiral artery trophoblast giant cells(Placenta)
487,Placenta_2.TCTACCGCTGTGGGTACA,Progenitor trophoblast_Gjb3 high(Placenta)
488,Placenta_2.TTTAGGCGTATTCCTTTC,Spiral artery trophoblast giant cells(Placenta)
489,Placenta_2.TATTGTCAACAAGAGATC,Spongiotrophoblast_Phlda2 high(Placenta)
490,Placenta_2.TTGGACTCGTAAGACACT,Spiral artery trophoblast giant cells(Placenta)
491,Placenta_2.ATCAACAAAACGTTCCGC,Progenitor trophoblast_Gjb3 high(Placenta)
492,Placenta_2.ATCTCTCGTGGCCTGTGT,Spongiotrophoblast_Phlda2 high(Placenta)
493,Placenta_2.ATTTGCTGATCATTTAGG,Spongiotrophoblast_Phlda2 high(Placenta)
494,Placenta_2.ATCAACGCAGGACTGTGT,Spongiotrophoblast_Phlda2 high(Placenta)
495,Placenta_2.TGCAATAGATGGAGATGG,Progenitor trophoblast_Gjb3 high(Placenta)
496,Placenta_2.AAGTACTAGAGAGCGTCC,Spiral artery trophoblast giant cells(Placenta)
497,Placenta_2.GCTGTGGCAGGATCAAAG,Progenitor trophoblast_Gjb3 high(Placenta)
498,Placenta_2.GTGGTAAACCTAAGATGG,Spiral artery trophoblast giant cells(Placenta)
499,Placenta_2.CAACAAGTGGTAACGAGC,Progenitor trophoblast_Gjb3 high(Placenta)
500,Placenta_2.CCATCTCGCTTGTAGAGA,Spongiotrophoblast_Phlda2 high(Placenta)
501,Placenta_2.TACTTCAGCGAGTGGATG,Spiral artery trophoblast giant cells(Placenta)
502,Placenta_2.CTTCTGTATGTAACACCC,Progenitor trophoblast_Gjb3 high(Placenta)
503,Placenta_2.CGAGTAGACACTTTAACT,Spongiotrophoblast_Phlda2 high(Placenta)
504,Placenta_2.ACAATACGAGTACGGCAG,Progenitor trophoblast_Gjb3 high(Placenta)
505,Placenta_2.ACGTTGTCGTAATTGGAC,Progenitor trophoblast_Gjb3 high(Placenta)
506,Placenta_2.ATCTCTACCTGACGCACC,Spongiotrophoblast_Phlda2 high(Placenta)
507,Placenta_2.ACGTTGTGCAATTGTCAC,Progenitor trophoblast_Gjb3 high(Placenta)
508,Placenta_2.AAGCGGGCTGTGAGGACT,Spiral artery trophoblast giant cells(Placenta)
509,Placenta_2.CGCACCGCGAATAAAACG,Progenitor trophoblast_Gjb3 high(Placenta)
510,Placenta_2.ATTCCAGCTGTGATACAG,Progenitor trophoblast_Gjb3 high(Placenta)
511,Placenta_2.CAACAAATCAACGAACGC,Spiral artery trophoblast giant cells(Placenta)
512,Placenta_2.CTTCTGGCTCAAATGGCG,Progenitor trophoblast_Gjb3 high(Placenta)
513,Placenta_2.CTCCATTACTTCTAGAGA,Progenitor trophoblast_Gjb3 high(Placenta)
514,Placenta_2.TAGTCGAATAAAAAAACG,Spongiotrophoblast_Hsd11b2 high(Placenta)
515,Placenta_2.ATACAGGTAATGATGGCG,Spiral artery trophoblast giant cells(Placenta)
516,Placenta_2.GGTACAAATAAAATCAAC,Progenitor trophoblast_Gjb3 high(Placenta)
517,Placenta_2.CCAGACCAAAGTATACAG,Spongiotrophoblast_Phlda2 high(Placenta)
518,Placenta_2.TCACTTACTTATATTCCA,Spongiotrophoblast_Phlda2 high(Placenta)
519,Placenta_2.GCGAATCCGCTACTCGCA,Progenitor trophoblast_Gjb3 high(Placenta)
520,Placenta_2.GTCCCGACCTGAACGAGC,Spiral artery trophoblast giant cells(Placenta)
521,Placenta_2.GTTGCCGGGCGAAACGCC,Progenitor trophoblast_Gjb3 high(Placenta)
522,Placenta_2.AGTTTAACACCCCTCGCA,Spongiotrophoblast_Hsd11b2 high(Placenta)
523,Placenta_2.TTCATAGTAATGTTCCGC,Spongiotrophoblast_Phlda2 high(Placenta)
524,Placenta_2.GTAATGTCAAAGCCAGAC,Progenitor trophoblast_Gjb3 high(Placenta)
525,Placenta_2.TCGGGTCGAGTATGCAAT,Progenitor trophoblast_Gjb3 high(Placenta)
526,Placenta_2.TTAACTGCGTCCGATCTT,Spongiotrophoblast_Hsd11b2 high(Placenta)
527,Placenta_2.TCGGGTATACAGCTGTGT,Progenitor trophoblast_Gjb3 high(Placenta)
528,Placenta_2.AGGACTTAAGGGTGTCAC,Spongiotrophoblast_Phlda2 high(Placenta)
529,Placenta_2.ACACCCCTGAAACGCTTG,Spiral artery trophoblast giant cells(Placenta)
530,Placenta_2.ATTCCACATGATTGATCA,Spongiotrophoblast_Hsd11b2 high(Placenta)
531,Placenta_2.GAACGCTCGGGTAGTTTA,Progenitor trophoblast_Gjb3 high(Placenta)
532,Placenta_2.GATCTTCCTAGATGTGCG,Progenitor trophoblast_Gjb3 high(Placenta)
533,Placenta_2.CGCTTGATACAGGTGGTA,Spiral artery trophoblast giant cells(Placenta)
534,Placenta_2.TGAAGCAATAAAGGCTGC,Spiral artery trophoblast giant cells(Placenta)
535,Placenta_2.GAATTAATTTGCCGTGGC,Progenitor trophoblast_Gjb3 high(Placenta)
536,Placenta_2.GAGGAGAAGCGGATCAAC,Progenitor trophoblast_Gjb3 high(Placenta)
537,Placenta_2.CCTAGAATACAGCTGAAA,Progenitor trophoblast_Gjb3 high(Placenta)
538,Placenta_2.CGAGTAATGGCGCGCACC,Progenitor trophoblast_Gjb3 high(Placenta)
539,Placenta_2.TAAGGGGAATTAAAGTAC,Spiral artery trophoblast giant cells(Placenta)
540,Placenta_2.CCGCTAGAGGAGGACACT,Progenitor trophoblast_Gjb3 high(Placenta)
541,Placenta_2.TGAAGCTTCATAATGGCG,Progenitor trophoblast_Gjb3 high(Placenta)
542,Placenta_2.TACTTCCCGACGATGGCG,Spiral artery trophoblast giant cells(Placenta)
543,Placenta_2.GCTGTGATGCTTTCAAAG,Spongiotrophoblast_Phlda2 high(Placenta)
544,Placenta_2.TTAACTAGCGAGCCAGAC,Spongiotrophoblast_Phlda2 high(Placenta)
545,Placenta_2.TCGGGTACCTGATAAGGG,Spongiotrophoblast_Phlda2 high(Placenta)
546,Placenta_2.TCGGGTGTAATGACACCC,Spongiotrophoblast_Hsd11b2 high(Placenta)
547,Placenta_2.CGTATTCAAAGTCCTTTC,Spiral artery trophoblast giant cells(Placenta)
548,Placenta_2.CGTGGCAAAACGATCAAC,Progenitor trophoblast_Gjb3 high(Placenta)
549,Placenta_2.AACCTATCGGGTGATCTT,Spongiotrophoblast_Hsd11b2 high(Placenta)
550,Placenta_2.TGAAGCATACAGGGGCGA,Progenitor trophoblast_Gjb3 high(Placenta)
551,Placenta_2.GCGTCCGTATACGCAGGA,Progenitor trophoblast_Gjb3 high(Placenta)
552,Placenta_2.AGTTTAATGCTTGCGTCC,Progenitor trophoblast_Gjb3 high(Placenta)
553,Placenta_2.TTTAGGTCTACCGGTACA,Spiral artery trophoblast giant cells(Placenta)
554,Placenta_2.TCGTAAACACCCCGTATT,Progenitor trophoblast_Gjb3 high(Placenta)
555,Placenta_2.TTTAGGAGGGTCTAGAGA,Progenitor trophoblast_Gjb3 high(Placenta)
556,Placenta_2.CAAAGTTCACTTGTCCCG,Spiral artery trophoblast giant cells(Placenta)
557,Placenta_2.TCGGGTGGGCGATCAAAG,Spongiotrophoblast_Phlda2 high(Placenta)
558,Placenta_2.CCATCTTGCGGAGAATTA,Progenitor trophoblast_Gjb3 high(Placenta)
559,Placenta_2.CACAAGTCTACCTGATCA,Spiral artery trophoblast giant cells(Placenta)
560,Placenta_2.TAGTCGATCTCTATTTGC,Spongiotrophoblast_Hsd11b2 high(Placenta)
561,Placenta_2.GGTACAGAACGCGTAATG,Spiral artery trophoblast giant cells(Placenta)
562,Placenta_2.TCGGGTGCCCTCCTGAAA,Progenitor trophoblast_Gjb3 high(Placenta)
563,Placenta_2.GGGCGAGCGTCCGAGGAG,Spongiotrophoblast_Phlda2 high(Placenta)
564,Placenta_2.ATCTCTGTCCCGTGTCAC,Spongiotrophoblast_Phlda2 high(Placenta)
565,Placenta_2.GCCTAGGCCTAGCCTAGA,Progenitor trophoblast_Gjb3 high(Placenta)
566,Placenta_2.TCACTTGTCGGTCAACAA,Spongiotrophoblast_Hsd11b2 high(Placenta)
567,Placenta_2.TCGGGTGTTGCCTTCATA,Progenitor trophoblast_Gjb3 high(Placenta)
568,Placenta_2.GAGATCGAGGAGAGTCGT,Progenitor trophoblast_Gjb3 high(Placenta)
569,Placenta_2.CGCACCCAACAAGTTGCC,Spiral artery trophoblast giant cells(Placenta)
570,Placenta_2.TTCATACTCGCAGGTACA,Spongiotrophoblast_Hsd11b2 high(Placenta)
571,Placenta_2.TGATCAGCGAATTGGATG,Spiral artery trophoblast giant cells(Placenta)
572,Placenta_2.TTAACTCCTTTCACGAGC,Spongiotrophoblast_Phlda2 high(Placenta)
573,Placenta_2.GTAATGGCCCTCGTTGCC,Progenitor trophoblast_Gjb3 high(Placenta)
574,Placenta_2.TCAAAGAACCTAACCTGA,Progenitor trophoblast_Gjb3 high(Placenta)
575,Placenta_2.TCGGGTAATAAAACGAGC,Spongiotrophoblast_Phlda2 high(Placenta)
576,Placenta_2.CACAAGACACCCCACAAG,Spiral artery trophoblast giant cells(Placenta)
577,Placenta_2.AACCTAGGACATCGGCAG,Progenitor trophoblast_Gjb3 high(Placenta)
578,Placenta_2.GTCCCGACTTATCTGTGT,Spiral artery trophoblast giant cells(Placenta)
579,Placenta_2.GACACTTGTCACGTATAC,Spongiotrophoblast_Phlda2 high(Placenta)
580,Placenta_2.ATCTCTATTCCAGCAGGA,Spongiotrophoblast_Phlda2 high(Placenta)
581,Placenta_2.TGTGCGGGGCGACCAGAC,Progenitor trophoblast_Gjb3 high(Placenta)
582,Placenta_2.CCGACGGAGATCACCTGA,Spiral artery trophoblast giant cells(Placenta)
583,Placenta_2.CCGACGCTGAAATATGTA,Progenitor trophoblast_Gjb3 high(Placenta)
584,Placenta_2.ACTTATCCGACGTCTACC,Labyrinthine trophoblast(Placenta)
585,Placenta_2.CTGTGTATTCCAAAAACG,Spongiotrophoblast_Phlda2 high(Placenta)
586,Placenta_2.AGGGTCTGCAATTGCGGA,Progenitor trophoblast_Gjb3 high(Placenta)
587,Placenta_2.TTAACTTTGGACCTCCAT,Progenitor trophoblast_Gjb3 high(Placenta)
588,Placenta_2.AAGCGGTTAACTCCAGAC,Spiral artery trophoblast giant cells(Placenta)
589,Placenta_2.TCAAAGATGGCGATGCTT,Progenitor trophoblast_Gjb3 high(Placenta)
590,Placenta_2.ACGTTGCTGTGTTAGAGA,Progenitor trophoblast_Gjb3 high(Placenta)
591,Placenta_2.CCGACGATACAGACGTTG,Spongiotrophoblast_Phlda2 high(Placenta)
592,Placenta_2.ATCTCTCAAAGTATTCCA,Progenitor trophoblast_Gjb3 high(Placenta)
593,Placenta_2.CCTAGACCAGACCCTTTC,Spiral artery trophoblast giant cells(Placenta)
594,Placenta_2.CGAGTAGACACTGATCTT,Spongiotrophoblast_Phlda2 high(Placenta)
595,Placenta_2.AACGCCATGCTTTGAAGC,Spongiotrophoblast_Hsd11b2 high(Placenta)
596,Placenta_2.GACACTAAGCGGAAGCGG,Progenitor trophoblast_Gjb3 high(Placenta)
597,Placenta_2.GCAGGACGCACCGCAGGA,Progenitor trophoblast_Gjb3 high(Placenta)
598,Placenta_2.GAATTAATACAGAACCTA,Progenitor trophoblast_Gjb3 high(Placenta)
599,Placenta_2.GACACTGCCTAGGGTACA,Labyrinthine trophoblast(Placenta)
600,Placenta_2.TAGTCGGGGTTTTTTAGG,Progenitor trophoblast_Gjb3 high(Placenta)
601,Placenta_2.GTAATGGAACGCTTGGAC,Spongiotrophoblast_Hsd11b2 high(Placenta)
602,Placenta_2.CTGTGTCATCCCGTAATG,Progenitor trophoblast_Gjb3 high(Placenta)
603,Placenta_2.AATAAACAACAAAGTCGT,Progenitor trophoblast_Gjb3 high(Placenta)
604,Placenta_2.CTCCATCGCACCGAACGC,Spongiotrophoblast_Hsd11b2 high(Placenta)
605,Placenta_2.GTTGCCAATAAAATCTCT,Progenitor trophoblast_Gjb3 high(Placenta)
606,Placenta_2.GAGATCTTCCGCCCATCT,Progenitor trophoblast_Gjb3 high(Placenta)
607,Placenta_2.CTTCTGCTGAAAACCTGA,Spongiotrophoblast_Phlda2 high(Placenta)
608,Placenta_2.GAATTAGCCTAGGCGAAT,Spiral artery trophoblast giant cells(Placenta)
609,Placenta_2.CCGACGTCGTAATTAACT,Spongiotrophoblast_Phlda2 high(Placenta)
610,Placenta_2.ACAATAGGCTGCTTAACT,Spiral artery trophoblast giant cells(Placenta)
611,Placenta_2.AAGTACTTTAGGGGTACA,Progenitor trophoblast_Gjb3 high(Placenta)
612,Placenta_2.AGATGGTAGAGAATGGCG,Progenitor trophoblast_Gjb3 high(Placenta)
613,Placenta_2.CGCTTGCCGACGGAATTA,Progenitor trophoblast_Gjb3 high(Placenta)
614,Placenta_2.GAGGAGGGGCGAGGGCGA,Progenitor trophoblast_Gjb3 high(Placenta)
615,Placenta_2.ATTCCAAGATGGCACAAG,Progenitor trophoblast_Gjb3 high(Placenta)
616,Placenta_2.GCGAATGTAATGAATAAA,Progenitor trophoblast_Gjb3 high(Placenta)
617,Placenta_2.CGTATTAAGCGGAGTCGT,Progenitor trophoblast_Gjb3 high(Placenta)
618,Placenta_2.TTAACTGAACGCCCTAGA,Spongiotrophoblast_Hsd11b2 high(Placenta)
619,Placenta_2.TTCATATTCATATCAAAG,Spiral artery trophoblast giant cells(Placenta)
620,Placenta_2.GTTGCCGAGATCACTTAT,Progenitor trophoblast_Gjb3 high(Placenta)
621,Placenta_2.GGTACATATTGTTTGGAC,Progenitor trophoblast_Gjb3 high(Placenta)
622,Placenta_2.AAGTACTAGAGAAAAACG,Spongiotrophoblast_Hsd11b2 high(Placenta)
623,Placenta_2.ACGTTGAGCGAGTATGTA,Spongiotrophoblast_Hsd11b2 high(Placenta)
624,Placenta_2.GCTGTGACGAGCCAAAGT,Spiral artery trophoblast giant cells(Placenta)
625,Placenta_2.CAACAACCGACGAAGTAC,Progenitor trophoblast_Gjb3 high(Placenta)
626,Placenta_2.CGAGTACATGATAAGTAC,Spiral artery trophoblast giant cells(Placenta)
627,Placenta_2.AGCGAGTCAAAGCGTATT,Progenitor trophoblast_Gjb3 high(Placenta)
628,Placenta_2.CGCACCCGTGGCTCACTT,Labyrinthine trophoblast(Placenta)
629,Placenta_2.AGTTTACTTCTGTAGAGA,Spiral artery trophoblast giant cells(Placenta)
630,Placenta_2.CCGCTATTGGACGAATTA,Spiral artery trophoblast giant cells(Placenta)
631,Placenta_2.GACACTTCACTTTGAAGC,Spongiotrophoblast_Phlda2 high(Placenta)
632,Placenta_2.CGTATTTGCGGACTTCTG,Spongiotrophoblast_Phlda2 high(Placenta)
633,Placenta_2.CACAAGCATGATCGCTTG,Progenitor trophoblast_Gjb3 high(Placenta)
634,Placenta_2.CTTCTGCGCTTGTTTAGG,Progenitor trophoblast_Gjb3 high(Placenta)
635,Placenta_2.GGACATGAACGCTCAAAG,Progenitor trophoblast_Gjb3 high(Placenta)
636,Placenta_2.ACGAGCTTGGACTTAACT,Spongiotrophoblast_Phlda2 high(Placenta)
637,Placenta_2.GTAATGTAGTCGGCTCAA,Spiral artery trophoblast giant cells(Placenta)
638,Placenta_2.ACAATAGGCTGCGATCTT,Progenitor trophoblast_Gjb3 high(Placenta)
639,Placenta_2.ATTCCAGCTGTGCCGCTA,Progenitor trophoblast_Gjb3 high(Placenta)
640,Placenta_2.ACGAGCTTGGACGATCTT,Spongiotrophoblast_Phlda2 high(Placenta)
641,Placenta_2.GCGTCCCTCCATGGCTGC,Progenitor trophoblast_Gjb3 high(Placenta)
642,Placenta_2.AAAACGCCAGACTGCGGA,Spongiotrophoblast_Phlda2 high(Placenta)
643,Placenta_2.TTGGACGTAATGAAGCGG,Progenitor trophoblast_Gjb3 high(Placenta)
644,Placenta_2.TGCAATGTTGCCCTCCAT,Spongiotrophoblast_Phlda2 high(Placenta)
645,Placenta_2.AAAGTTCATCCCAATAAA,Spongiotrophoblast_Hsd11b2 high(Placenta)
646,Placenta_2.CCATCTAGATGGCGAGTA,Progenitor trophoblast_Gjb3 high(Placenta)
647,Placenta_2.TCGTAAGGCTGCAAGCGG,Progenitor trophoblast_Gjb3 high(Placenta)
648,Placenta_2.TATTGTCAAAGTATGCTT,Progenitor trophoblast_Gjb3 high(Placenta)
649,Placenta_2.GCGTCCGTCCCGGTCCCG,Progenitor trophoblast_Gjb3 high(Placenta)
650,Placenta_2.AATAAAAATAAACATGAT,Spiral artery trophoblast giant cells(Placenta)
651,Placenta_2.AAAACGCTGTGTGACACT,Spongiotrophoblast_Phlda2 high(Placenta)
652,Placenta_2.TCACTTATTTGCAGTTTA,Spongiotrophoblast_Phlda2 high(Placenta)
653,Placenta_2.TAAGGGACTTATCAAAGT,Progenitor trophoblast_Gjb3 high(Placenta)
654,Placenta_2.TTTAGGCCGCTAACGTTG,Progenitor trophoblast_Gjb3 high(Placenta)
655,Placenta_2.AGGGTCAAGTACTGTCAC,Spongiotrophoblast_Phlda2 high(Placenta)
656,Placenta_2.GAGGAGAAGCGGCCTTTC,Spongiotrophoblast_Phlda2 high(Placenta)
657,Placenta_2.TCAAAGGTAATGAAGCGG,Spongiotrophoblast_Phlda2 high(Placenta)
658,Placenta_2.AAAGTTGGGCGATCAAAG,Spiral artery trophoblast giant cells(Placenta)
659,Placenta_2.CTTCTGATGGCGACTTAT,Progenitor trophoblast_Gjb3 high(Placenta)
660,Placenta_2.TCACTTAAGCGGGGGTTT,Progenitor trophoblast_Gjb3 high(Placenta)
661,Placenta_2.TTTAGGTAGAGACAAAGT,Progenitor trophoblast_Gjb3 high(Placenta)
662,Placenta_2.CGCTTGTATTGTGTCCCG,Spongiotrophoblast_Phlda2 high(Placenta)
663,Placenta_2.GCAGGAACGAGCTTAACT,Progenitor trophoblast_Gjb3 high(Placenta)
664,Placenta_2.GCTGTGCCGACGTCGGGT,Spiral artery trophoblast giant cells(Placenta)
665,Placenta_2.CCTAGACGTGGCATTTGC,Spiral artery trophoblast giant cells(Placenta)
666,Placenta_2.GGGCGAAAGCGGATCAAC,Progenitor trophoblast_Gjb3 high(Placenta)
667,Placenta_2.GTAATGTTGGACGTCGGT,Spongiotrophoblast_Phlda2 high(Placenta)
668,Placenta_2.TCACTTTTCCGCTGTGCG,Spongiotrophoblast_Phlda2 high(Placenta)
669,Placenta_2.TGTCACATTTGCGTATAC,Progenitor trophoblast_Gjb3 high(Placenta)
670,Placenta_2.AAAGTTTTTAGGTCACTT,Spiral artery trophoblast giant cells(Placenta)
671,Placenta_2.CGCTTGCAACAAGCGAAT,Spongiotrophoblast_Phlda2 high(Placenta)
672,Placenta_2.AGGGTCCTCGCAGTCCCG,Progenitor trophoblast_Gjb3 high(Placenta)
673,Placenta_2.GCGAATTCGTAAAATAAA,Spiral artery trophoblast giant cells(Placenta)
674,Placenta_2.TCACTTCCATCTTATGTA,Spiral artery trophoblast giant cells(Placenta)
675,Placenta_2.TTAACTCATCCCCTCCAT,Progenitor trophoblast_Gjb3 high(Placenta)
676,Placenta_2.GGGCGACCGCTAGTAATG,Spiral artery trophoblast giant cells(Placenta)
677,Placenta_2.CCGACGCGGCAGGTATAC,Spongiotrophoblast_Phlda2 high(Placenta)
678,Placenta_2.GAGATCGCTGTGCCATCT,Spongiotrophoblast_Phlda2 high(Placenta)
679,Placenta_2.GAATTATGCAATAAGTAC,Progenitor trophoblast_Gjb3 high(Placenta)
680,Placenta_2.CCGACGTCGTAAGATCTT,Spongiotrophoblast_Phlda2 high(Placenta)
681,Placenta_2.GCAGGAATTCCAAAAACG,Spongiotrophoblast_Phlda2 high(Placenta)
682,Placenta_2.CGCACCCCTTTCACGTTG,Progenitor trophoblast_Gjb3 high(Placenta)
683,Placenta_2.TAGCATTGGATGGCAGGA,Progenitor trophoblast_Gjb3 high(Placenta)
684,Placenta_2.AGATGGAATAAATTAACT,Progenitor trophoblast_Gjb3 high(Placenta)
685,Placenta_2.GTGGTAGCGAATTCACTT,Spongiotrophoblast_Phlda2 high(Placenta)
686,Placenta_2.TCGGGTACACCCAAAACG,Spiral artery trophoblast giant cells(Placenta)
687,Placenta_2.TGTCACTCGGGTAAGTAC,Spiral artery trophoblast giant cells(Placenta)
688,Placenta_2.TTGGACAGTCGTCTTCTG,Spongiotrophoblast_Phlda2 high(Placenta)
689,Placenta_2.CGCTTGTTCATAGCGAAT,Spongiotrophoblast_Phlda2 high(Placenta)
690,Placenta_2.TGCAATGAATTAAATAAA,Spiral artery trophoblast giant cells(Placenta)
691,Placenta_2.TCGGGTCCGACGGTCGGT,Progenitor trophoblast_Gjb3 high(Placenta)
692,Placenta_2.TGATCAGCGTCCGCTCAA,Spongiotrophoblast_Hsd11b2 high(Placenta)
693,Placenta_2.CGTGGCCGGCAGTGTGCG,Labyrinthine trophoblast(Placenta)
694,Placenta_2.AGTTTACGGCAGCTTCTG,Spiral artery trophoblast giant cells(Placenta)
695,Placenta_2.CGCTTGTTAACTGAATTA,Progenitor trophoblast_Gjb3 high(Placenta)
696,Placenta_2.AATAAACTCCATCTGTGT,Spiral artery trophoblast giant cells(Placenta)
697,Placenta_2.TAAGGGTCTACCTAGCAT,Spongiotrophoblast_Phlda2 high(Placenta)
698,Placenta_2.ATGCTTTTCCGCTATGTA,Spongiotrophoblast_Phlda2 high(Placenta)
699,Placenta_2.GTAATGCCATCTCTGTGT,Spongiotrophoblast_Phlda2 high(Placenta)
700,Placenta_2.GACACTCCAGACACACCC,Spongiotrophoblast_Hsd11b2 high(Placenta)
701,Placenta_2.ACACCCTGTGCGCTGAAA,Spiral artery trophoblast giant cells(Placenta)
702,Placenta_2.ACTTATTTTAGGAAAACG,Progenitor trophoblast_Gjb3 high(Placenta)
703,Placenta_2.TCGGGTACAATAATGGCG,Progenitor trophoblast_Gjb3 high(Placenta)
704,Placenta_2.GAGGAGGCGTCCGTAATG,Spiral artery trophoblast giant cells(Placenta)
705,Placenta_2.GCCCTCACACCCTATTGT,Progenitor trophoblast_Gjb3 high(Placenta)
706,Placenta_2.GGCTGCGCTCAATGAAGC,Spongiotrophoblast_Phlda2 high(Placenta)
707,Placenta_2.CAAAGTTCGGGTCTGAAA,Progenitor trophoblast_Gjb3 high(Placenta)
708,Placenta_2.TCGGGTCTCGCAGGGTTT,Spongiotrophoblast_Phlda2 high(Placenta)
709,Placenta_2.GACACTTAGAGAACGTTG,Spongiotrophoblast_Hsd11b2 high(Placenta)
710,Placenta_2.TGTGCGGGACATTTGGAC,Progenitor trophoblast_Gjb3 high(Placenta)
711,Placenta_2.ATACAGATCAACTGCGGA,Progenitor trophoblast_Gjb3 high(Placenta)
712,Placenta_2.CAAAGTCTGTGTCCTTTC,Spongiotrophoblast_Phlda2 high(Placenta)
713,Placenta_2.GTAATGAGGGTCGAGATC,Spiral artery trophoblast giant cells(Placenta)
714,Placenta_2.TTAACTATGCTTACTTAT,Spongiotrophoblast_Phlda2 high(Placenta)
715,Placenta_2.AACGCCCGCACCCACAAG,Progenitor trophoblast_Gjb3 high(Placenta)
716,Placenta_2.TACTTCTGATCATTTAGG,Progenitor trophoblast_Gjb3 high(Placenta)
717,Placenta_2.CCATCTAGCGAGGCCTAG,Progenitor trophoblast_Gjb3 high(Placenta)
718,Placenta_2.GCAGGAACGAGCGATCTT,Progenitor trophoblast_Gjb3 high(Placenta)
719,Placenta_2.CTGTGTTGCGGATCACTT,Progenitor trophoblast_Gjb3 high(Placenta)
720,Placenta_2.AAAGTTTATGTACATGAT,Spongiotrophoblast_Phlda2 high(Placenta)
721,Placenta_2.GGGCGACGCTTGATCAAC,Progenitor trophoblast_Gjb3 high(Placenta)
722,Placenta_2.GACACTGCCTAGAAAACG,Progenitor trophoblast_Gjb3 high(Placenta)
723,Placenta_2.CGCTTGATGGCGCAACAA,Spiral artery trophoblast giant cells(Placenta)
724,Placenta_2.ATCAACAAGCGGGACACT,Spiral artery trophoblast giant cells(Placenta)
725,Placenta_2.GTCCCGTCACTTCCGACG,Spongiotrophoblast_Phlda2 high(Placenta)
726,Placenta_2.TCAAAGCGCACCCTCGCA,Spongiotrophoblast_Hsd11b2 high(Placenta)
727,Placenta_2.AAAGTTACGTTGAAGTAC,Progenitor trophoblast_Gjb3 high(Placenta)
728,Placenta_2.AAGTACCCTAGAACACCC,Progenitor trophoblast_Gjb3 high(Placenta)
729,Placenta_2.CGAGTAACGTTGCTCGCA,Spongiotrophoblast_Phlda2 high(Placenta)
730,Placenta_2.TACTTCGGGCGAAACGCC,Spongiotrophoblast_Phlda2 high(Placenta)
731,Placenta_2.TATTGTTAGTCGCCGACG,Spiral artery trophoblast giant cells(Placenta)
732,Placenta_2.TCGGGTCCTAGAGTCGGT,Spiral artery trophoblast giant cells(Placenta)
733,Placenta_2.TGAAGCAACCTATGTCAC,Progenitor trophoblast_Gjb3 high(Placenta)
734,Placenta_2.GAGATCGTCCCGATCTCT,Spongiotrophoblast_Phlda2 high(Placenta)
735,Placenta_2.ATTCCAGTGGTACAACAA,Labyrinthine trophoblast(Placenta)
736,Placenta_2.TTCATACACAAGATACAG,Spongiotrophoblast_Phlda2 high(Placenta)
737,Placenta_2.GGCTGCGAGATCGCGAAT,Progenitor trophoblast_Gjb3 high(Placenta)
738,Placenta_2.GACACTAATAAAGCGTCC,Spongiotrophoblast_Phlda2 high(Placenta)
739,Placenta_2.TAAGGGCCAGACAAAGTT,Spongiotrophoblast_Phlda2 high(Placenta)
740,Placenta_2.ACAATACCATCTATGGCG,Spiral artery trophoblast giant cells(Placenta)
741,Placenta_2.AAAACGGCGAATGAATTA,Spongiotrophoblast_Phlda2 high(Placenta)
742,Placenta_2.AAGTACCCATCTTCGTAA,Spiral artery trophoblast giant cells(Placenta)
743,Placenta_2.AAAGTTCGTATTTGGATG,Spongiotrophoblast_Phlda2 high(Placenta)
744,Placenta_2.TGGATGCACAAGTGGATG,Progenitor trophoblast_Gjb3 high(Placenta)
745,Placenta_2.GGGCGAGTATACTGATCA,Progenitor trophoblast_Gjb3 high(Placenta)
746,Placenta_2.GTTGCCAAGCGGGGGTTT,Spiral artery trophoblast giant cells(Placenta)
747,Placenta_2.CGAGTAATCTCTTAGTCG,Spiral artery trophoblast giant cells(Placenta)
748,Placenta_2.TCGGGTTAAGGGACACCC,Progenitor trophoblast_Gjb3 high(Placenta)
749,Placenta_2.CTGTGTCGTGGCTGCAAT,Spongiotrophoblast_Phlda2 high(Placenta)
750,Placenta_2.TTGGACGACACTGGGTTT,Progenitor trophoblast_Gjb3 high(Placenta)
751,Placenta_2.CGCTTGTCGGGTCGGCAG,Spongiotrophoblast_Phlda2 high(Placenta)
752,Placenta_2.TAGCATGAACGCATGGCG,Spiral artery trophoblast giant cells(Placenta)
753,Placenta_2.GAGGAGGATCTTGAGATC,Progenitor trophoblast_Gjb3 high(Placenta)
754,Placenta_2.GTCCCGCACAAGGGTACA,Progenitor trophoblast_Gjb3 high(Placenta)
755,Placenta_2.GTATACGGACATTTCATA,Progenitor trophoblast_Gjb3 high(Placenta)
756,Placenta_2.GGACATGCGTCCCCATCT,Progenitor trophoblast_Gjb3 high(Placenta)
757,Placenta_2.GGCTGCAAAGTTCTCGCA,Progenitor trophoblast_Gjb3 high(Placenta)
758,Placenta_2.AGGGTCACTTATGTGGTA,Spiral artery trophoblast giant cells(Placenta)
759,Placenta_2.CTTCTGAAGCGGGAGGAG,Progenitor trophoblast_Gjb3 high(Placenta)
760,Placenta_2.TAAGGGATCTCTTTAACT,Progenitor trophoblast_Gjb3 high(Placenta)
761,Placenta_2.AAGTACATCTCTAGTCGT,Progenitor trophoblast_Gjb3 high(Placenta)
762,Placenta_2.GGCTGCCCAGACATCAAC,Progenitor trophoblast_Gjb3 high(Placenta)
763,Placenta_2.AGATGGATCTCTCCAGAC,Spongiotrophoblast_Phlda2 high(Placenta)
764,Placenta_2.CACAAGCAACAACGGCAG,Spongiotrophoblast_Phlda2 high(Placenta)
765,Placenta_2.ATTTGCTGAAGCTGTGCG,Spongiotrophoblast_Phlda2 high(Placenta)
766,Placenta_2.AAGTACTCGGGTTAGCAT,Spongiotrophoblast_Phlda2 high(Placenta)
767,Placenta_2.TAAGGGAAGTACACACCC,Progenitor trophoblast_Gjb3 high(Placenta)
768,Placenta_2.GACACTTCACTTTTTAGG,Progenitor trophoblast_Gjb3 high(Placenta)
769,Placenta_2.GAATTAAGGACTAAGTAC,Labyrinthine trophoblast(Placenta)
770,Placenta_2.TGTCACCCGCTAAAGTAC,Spongiotrophoblast_Phlda2 high(Placenta)
771,Placenta_2.GAGGAGTGTGCGGGTACA,Spiral artery trophoblast giant cells(Placenta)
772,Placenta_2.AGGGTCTCAAAGGCGAAT,Progenitor trophoblast_Gjb3 high(Placenta)
773,Placenta_2.GTCCCGACTTATAGCGAG,Spongiotrophoblast_Phlda2 high(Placenta)
774,Placenta_2.ATACAGGTGGTATCAAAG,Progenitor trophoblast_Gjb3 high(Placenta)
775,Placenta_2.CTGTGTGAGATCATGGCG,Progenitor trophoblast_Gjb3 high(Placenta)
776,Placenta_2.GCCTAGGACACTCCGCTA,Spiral artery trophoblast giant cells(Placenta)
777,Placenta_2.GTATACTTTAGGGGTACA,Spiral artery trophoblast giant cells(Placenta)
778,Placenta_2.AGGGTCGATCTTTTAACT,Spongiotrophoblast_Phlda2 high(Placenta)
779,Placenta_2.TCAAAGTAGCATATTCCA,Spongiotrophoblast_Hsd11b2 high(Placenta)
780,Placenta_2.GGACATAAGCGGATCAAC,Spiral artery trophoblast giant cells(Placenta)
781,Placenta_2.AGTCGTTCACTTCACAAG,Spiral artery trophoblast giant cells(Placenta)
782,Placenta_2.AGGGTCTCACTTGTAATG,Progenitor trophoblast_Gjb3 high(Placenta)
783,Placenta_2.ATCAACGCTCAAAATAAA,Progenitor trophoblast_Gjb3 high(Placenta)
784,Placenta_2.TGTCACACACCCATGGCG,Progenitor trophoblast_Gjb3 high(Placenta)
785,Placenta_2.AAAGTTACACCCGGCTGC,Progenitor trophoblast_Gjb3 high(Placenta)
786,Placenta_2.AAAGTTAAGCGGCTGTGT,Progenitor trophoblast_Gjb3 high(Placenta)
787,Placenta_2.AGATGGCGCACCCAAAGT,Progenitor trophoblast_Gjb3 high(Placenta)
788,Placenta_2.AGCGAGAGGACTTTAACT,Progenitor trophoblast_Gjb3 high(Placenta)
789,Placenta_2.AGTTTAAATAAAAAAGTT,Spiral artery trophoblast giant cells(Placenta)
790,Placenta_2.AAAGTTGCGTCCACGAGC,Progenitor trophoblast_Gjb3 high(Placenta)
791,Placenta_2.CGCTTGACTTATGCCCTC,Progenitor trophoblast_Gjb3 high(Placenta)
792,Placenta_2.GTAATGGTGGTACATGAT,Spongiotrophoblast_Phlda2 high(Placenta)
793,Placenta_2.AAAGTTTCGTAAGCTGTG,Spiral artery trophoblast giant cells(Placenta)
794,Placenta_2.AGATGGAATAAAGATCTT,Progenitor trophoblast_Gjb3 high(Placenta)
795,Placenta_2.TACTTCTTTAGGTAGCAT,Spongiotrophoblast_Phlda2 high(Placenta)
796,Placenta_2.TTGGACTTGGACAATAAA,Spongiotrophoblast_Phlda2 high(Placenta)
797,Placenta_2.GCGTCCCCAGACTGAAGC,Spiral artery trophoblast giant cells(Placenta)
798,Placenta_2.TGAAGCCAACAACCAGAC,Progenitor trophoblast_Gjb3 high(Placenta)
799,Placenta_2.GTATACACACCCGCGAAT,Spongiotrophoblast_Phlda2 high(Placenta)
800,Placenta_2.ATCAACCGTGGCCGCTTG,Progenitor trophoblast_Gjb3 high(Placenta)
801,Placenta_2.GTGGTATGAAGCAAAACG,Spongiotrophoblast_Hsd11b2 high(Placenta)
802,Placenta_2.ATTCCACACAAGTTAACT,Progenitor trophoblast_Gjb3 high(Placenta)
803,Placenta_2.CGCTTGATTCCATGTCAC,Spongiotrophoblast_Phlda2 high(Placenta)
804,Placenta_2.AAGTACAATAAATCGGGT,Spongiotrophoblast_Phlda2 high(Placenta)
805,Placenta_2.GTTGCCACAATACCATCT,Progenitor trophoblast_Gjb3 high(Placenta)
806,Placenta_2.TAAGGGATCTCTGATCTT,Progenitor trophoblast_Gjb3 high(Placenta)
807,Placenta_2.TTCCGCCCGACGTCGGGT,Spiral artery trophoblast giant cells(Placenta)
808,Placenta_2.AAGTACCTGAAACTGAAA,Progenitor trophoblast_Gjb3 high(Placenta)
809,Placenta_2.GGGTTTGATCTTCGGCAG,Progenitor trophoblast_Gjb3 high(Placenta)
810,Placenta_2.ACACCCTGTCACATCAAC,Spiral artery trophoblast giant cells(Placenta)
811,Placenta_2.TTCCGCCACAAGTGGATG,Spiral artery trophoblast giant cells(Placenta)
812,Placenta_2.GACACTACGTTGCGTGGC,Progenitor trophoblast_Gjb3 high(Placenta)
813,Placenta_2.CGTGGCAGCGAGGTCCCG,Spiral artery trophoblast giant cells(Placenta)
814,Placenta_2.CAACAATGTCACGCGTCC,Spiral artery trophoblast giant cells(Placenta)
815,Placenta_2.TGAAGCTTAACTCCTAGA,Spongiotrophoblast_Phlda2 high(Placenta)
816,Placenta_2.CGCTTGTACTTCAGTCGT,Progenitor trophoblast_Gjb3 high(Placenta)
817,Placenta_2.GGGTTTTGCAATCATGAT,Progenitor trophoblast_Gjb3 high(Placenta)
818,Placenta_2.AGGACTCGCACCCTGTGT,Progenitor trophoblast_Gjb3 high(Placenta)
819,Placenta_2.AGCGAGGAGATCGCCTAG,Progenitor trophoblast_Gjb3 high(Placenta)
820,Placenta_2.AGTTTAGCTGTGAAAACG,Progenitor trophoblast_Gjb3 high(Placenta)
821,Placenta_2.ATTCCACACAAGGATCTT,Progenitor trophoblast_Gjb3 high(Placenta)
822,Placenta_2.TCGTAAATCAACCCGACG,Progenitor trophoblast_Gjb3 high(Placenta)
823,Placenta_2.GCGTCCGCTGTGATCAAC,Progenitor trophoblast_Gjb3 high(Placenta)
824,Placenta_2.GAATTAACGTTGATCTCT,Spongiotrophoblast_Phlda2 high(Placenta)
825,Placenta_2.AAAACGGACACTACAATA,Spongiotrophoblast_Hsd11b2 high(Placenta)
826,Placenta_2.CCAGACCGTGGCTGCAAT,Progenitor trophoblast_Gjb3 high(Placenta)
827,Placenta_2.TAGCATACGTTGTCTACC,Spongiotrophoblast_Phlda2 high(Placenta)
828,Placenta_2.TTGGACCATCCCCGGCAG,Progenitor trophoblast_Gjb3 high(Placenta)
829,Placenta_2.GGGCGACCTAGATTCATA,Progenitor trophoblast_Gjb3 high(Placenta)
830,Placenta_2.TAGTCGTTGGACCCATCT,Spiral artery trophoblast giant cells(Placenta)
831,Placenta_2.TTCATAGGACATGAGATC,Progenitor trophoblast_Gjb3 high(Placenta)
832,Placenta_2.AGCGAGAGGGTCCGCTTG,Spongiotrophoblast_Phlda2 high(Placenta)
833,Placenta_2.GCGTCCACTTATTAGAGA,Spongiotrophoblast_Phlda2 high(Placenta)
834,Placenta_2.GATCTTGTATACGATCTT,Progenitor trophoblast_Gjb3 high(Placenta)
835,Placenta_2.TACTTCCGGCAGCATGAT,Spiral artery trophoblast giant cells(Placenta)
836,Placenta_2.GACACTCCGCTATGATCA,Spiral artery trophoblast giant cells(Placenta)
837,Placenta_2.TGATCATGGATGAAAGTT,Spongiotrophoblast_Phlda2 high(Placenta)
838,Placenta_2.GCGTCCCAAAGTGTATAC,Progenitor trophoblast_Gjb3 high(Placenta)
839,Placenta_2.TTCCGCGGGCGATCTACC,Progenitor trophoblast_Gjb3 high(Placenta)
840,Placenta_2.CTCCATTGTGCGCTGAAA,Progenitor trophoblast_Gjb3 high(Placenta)
841,Placenta_2.ATTCCACCGACGTAGAGA,Progenitor trophoblast_Gjb3 high(Placenta)
842,Placenta_2.ACAATACCGACGGTCGGT,Spiral artery trophoblast giant cells(Placenta)
843,Placenta_2.CGTATTTGCAATTTGGAC,Spongiotrophoblast_Phlda2 high(Placenta)
844,Placenta_2.AGGGTCGATCTTGATCTT,Spongiotrophoblast_Phlda2 high(Placenta)
845,Placenta_2.GGACATAATAAAATCAAC,Spiral artery trophoblast giant cells(Placenta)
846,Placenta_2.GTTGCCACTTATTGCGGA,Progenitor trophoblast_Gjb3 high(Placenta)
847,Placenta_2.CGTGGCCGTATTCCATCT,Progenitor trophoblast_Gjb3 high(Placenta)
848,Placenta_2.TTTAGGCGGCAGATTCCA,Progenitor trophoblast_Gjb3 high(Placenta)
849,Placenta_2.CGTATTCGTGGCCGAGTA,Spiral artery trophoblast giant cells(Placenta)
850,Placenta_2.CTCGCACGCTTGTAGCAT,Spiral artery trophoblast giant cells(Placenta)
851,Placenta_2.TCGTAACTCGCATAGTCG,Progenitor trophoblast_Gjb3 high(Placenta)
852,Placenta_2.AGCGAGAGGACTGATCTT,Progenitor trophoblast_Gjb3 high(Placenta)
853,Placenta_2.GTCGGTCGTATTCTCCAT,Spongiotrophoblast_Phlda2 high(Placenta)
854,Placenta_2.AATAAAGCGAATGTTGCC,Progenitor trophoblast_Gjb3 high(Placenta)
855,Placenta_2.GTCGGTTTCCGCACGAGC,Progenitor trophoblast_Gjb3 high(Placenta)
856,Placenta_2.GGTACACAAAGTTGGATG,Progenitor trophoblast_Gjb3 high(Placenta)
857,Placenta_2.AAGCGGTTCATAGCTCAA,Progenitor trophoblast_Gjb3 high(Placenta)
858,Placenta_2.ATGCTTGGTACAACGAGC,Spiral artery trophoblast giant cells(Placenta)
859,Placenta_2.AATAAACTTCTGGAACGC,Spongiotrophoblast_Phlda2 high(Placenta)
860,Placenta_2.CACAAGCGGCAGTCACTT,Spongiotrophoblast_Hsd11b2 high(Placenta)
861,Placenta_2.TTTAGGGTCGGTAAAGTT,Progenitor trophoblast_Gjb3 high(Placenta)
862,Placenta_2.GACACTTCACTTAGGACT,Spongiotrophoblast_Phlda2 high(Placenta)
863,Placenta_2.TAGCATGAACGCGAACGC,Spiral artery trophoblast giant cells(Placenta)
864,Placenta_2.AACCTATCGGGTACACCC,Spiral artery trophoblast giant cells(Placenta)
865,Placenta_2.GTGGTAAGGGTCGGGTTT,Progenitor trophoblast_Gjb3 high(Placenta)
866,Placenta_2.TGCAATTTTAGGTAGCAT,Spongiotrophoblast_Phlda2 high(Placenta)
867,Placenta_2.TTAACTAGTCGTCCATCT,Spongiotrophoblast_Hsd11b2 high(Placenta)
868,Placenta_2.AGATGGAACCTAAAAACG,Progenitor trophoblast_Gjb3 high(Placenta)
869,Placenta_2.GTGGTACGCACCGTGGTA,Progenitor trophoblast_Gjb3 high(Placenta)
870,Placenta_2.AGGGTCGCTCAAGGGCGA,Progenitor trophoblast_Gjb3 high(Placenta)
871,Placenta_2.CACAAGTTCCGCTAGTCG,Spiral artery trophoblast giant cells(Placenta)
872,Placenta_2.GTGGTAAGGGTCGAATTA,Progenitor trophoblast_Gjb3 high(Placenta)
873,Placenta_2.GGGTTTATTCCAGTCCCG,Spongiotrophoblast_Hsd11b2 high(Placenta)
874,Placenta_2.AAGCGGCGCACCAAAACG,Progenitor trophoblast_Gjb3 high(Placenta)
875,Placenta_2.ATTTGCCATCCCACAATA,Spiral artery trophoblast giant cells(Placenta)
876,Placenta_2.CTGTGTCAAAGTGGGTTT,Spiral artery trophoblast giant cells(Placenta)
877,Placenta_2.GTGGTATATTGTGCGTCC,Progenitor trophoblast_Gjb3 high(Placenta)
878,Placenta_2.ATTTGCAGTCGTTAGCAT,Spiral artery trophoblast giant cells(Placenta)
879,Placenta_2.GGTACACCGCTAGTGGTA,Spiral artery trophoblast giant cells(Placenta)
880,Placenta_2.CATGATGGCTGCGCGAAT,Spiral artery trophoblast giant cells(Placenta)
881,Placenta_2.GAGATCTGATCATTAACT,Progenitor trophoblast_Gjb3 high(Placenta)
882,Placenta_2.CCTTTCTGATCATGTGCG,Spiral artery trophoblast giant cells(Placenta)
883,Placenta_2.GATCTTCCATCTGGACAT,Progenitor trophoblast_Gjb3 high(Placenta)
884,Placenta_2.ATTTGCACGAGCGGGCGA,Progenitor trophoblast_Gjb3 high(Placenta)
885,Placenta_2.TTTAGGCGTGGCTTCCGC,Progenitor trophoblast_Gjb3 high(Placenta)
886,Placenta_2.GGGCGATTCATACATCCC,Spiral artery trophoblast giant cells(Placenta)
887,Placenta_2.GACACTGTTGCCGGCTGC,Progenitor trophoblast_Gjb3 high(Placenta)
888,Placenta_2.AGATGGATTCCAACGAGC,Spongiotrophoblast_Phlda2 high(Placenta)
889,Placenta_2.ACCTGATAGTCGTTCATA,Spongiotrophoblast_Phlda2 high(Placenta)
890,Placenta_2.CGTGGCTCGTAATTAACT,Spongiotrophoblast_Phlda2 high(Placenta)
891,Placenta_2.AACGCCTGCGGAGCAGGA,Spiral artery trophoblast giant cells(Placenta)
892,Placenta_2.GTGGTACCTAGACGTATT,Spiral artery trophoblast giant cells(Placenta)
893,Placenta_2.GGGTTTCTCCATCGTGGC,Progenitor trophoblast_Gjb3 high(Placenta)
894,Placenta_2.TACTTCACTTATTTAACT,Spiral artery trophoblast giant cells(Placenta)
895,Placenta_2.CGTGGCTCGTAAGATCTT,Spongiotrophoblast_Phlda2 high(Placenta)
896,Placenta_2.GTGGTATGAAGCACCTGA,Progenitor trophoblast_Gjb3 high(Placenta)
897,Placenta_2.AAGCGGTTAACTTAAGGG,Spiral artery trophoblast giant cells(Placenta)
898,Placenta_2.AGGACTGACACTAACGCC,Progenitor trophoblast_Gjb3 high(Placenta)
899,Placenta_2.AGATGGTAGCATGAATTA,Progenitor trophoblast_Gjb3 high(Placenta)
900,Placenta_2.TGAAGCCCATCTAGTTTA,Progenitor trophoblast_Gjb3 high(Placenta)
901,Placenta_2.AGGACTGGGCGAGGTACA,Spongiotrophoblast_Phlda2 high(Placenta)
902,Placenta_2.GGGTTTTGTCACACGTTG,Progenitor trophoblast_Gjb3 high(Placenta)
903,Placenta_2.AAGCGGTCGTAACGTATT,Progenitor trophoblast_Gjb3 high(Placenta)
904,Placenta_2.AAGCGGAGATGGGGGCGA,Labyrinthine trophoblast(Placenta)
905,Placenta_2.CATGATACGAGCTAAGGG,Spongiotrophoblast_Phlda2 high(Placenta)
906,Placenta_2.GAACGCGACACTTAGCAT,Progenitor trophoblast_Gjb3 high(Placenta)
907,Placenta_2.TGCAATCACAAGCCAGAC,Spiral artery trophoblast giant cells(Placenta)
908,Placenta_2.GAGATCTTCCGCGAACGC,Spiral artery trophoblast giant cells(Placenta)
909,Placenta_2.CCAGACGCCTAGCTCCAT,Spongiotrophoblast_Phlda2 high(Placenta)
910,Placenta_2.TGAAGCCTTCTGACGAGC,Progenitor trophoblast_Gjb3 high(Placenta)
911,Placenta_2.TACTTCACTTATGATCTT,Spiral artery trophoblast giant cells(Placenta)
912,Placenta_2.ACACCCTGAAGCCATGAT,Progenitor trophoblast_Gjb3 high(Placenta)
913,Placenta_2.ACACCCTTAACTGCGAAT,Spiral artery trophoblast giant cells(Placenta)
914,Placenta_2.TGAAGCATCTCTTCGGGT,Spiral artery trophoblast giant cells(Placenta)
915,Placenta_2.GAGATCTGATCAGATCTT,Progenitor trophoblast_Gjb3 high(Placenta)
916,Placenta_2.TCAAAGAAGTACATGCTT,Labyrinthine trophoblast(Placenta)
917,Placenta_2.GGACATCGCTTGGGGTTT,Progenitor trophoblast_Gjb3 high(Placenta)
918,Placenta_2.GCGTCCACCTGAATGCTT,Spiral artery trophoblast giant cells(Placenta)
919,Placenta_2.AAAGTTTACTTCAAGCGG,Spongiotrophoblast_Phlda2 high(Placenta)
920,Placenta_2.TCAAAGTTAACTGCTGTG,Spongiotrophoblast_Phlda2 high(Placenta)
921,Placenta_2.CTCCATGATCTTGTAATG,Spongiotrophoblast_Phlda2 high(Placenta)
922,Placenta_2.ACCTGACTCCATCTGAAA,Spiral artery trophoblast giant cells(Placenta)
923,Placenta_2.TCAAAGGAGGAGTTCATA,Progenitor trophoblast_Gjb3 high(Placenta)
924,Placenta_2.GATCTTATGGCGCGTATT,Progenitor trophoblast_Gjb3 high(Placenta)
925,Placenta_2.ATGCTTGTCGGTTCGTAA,Spiral artery trophoblast giant cells(Placenta)
926,Placenta_2.CGTATTCCAGACCGTATT,Progenitor trophoblast_Gjb3 high(Placenta)
927,Placenta_2.GTGGTATGAAGCGATCTT,Progenitor trophoblast_Gjb3 high(Placenta)
928,Placenta_2.TATTGTGTCGGTTAGCAT,Spiral artery trophoblast giant cells(Placenta)
929,Placenta_2.CGCTTGCCTAGATGGATG,Spongiotrophoblast_Phlda2 high(Placenta)
930,Placenta_2.TGGATGGGGCGATCTACC,Progenitor trophoblast_Gjb3 high(Placenta)
931,Placenta_2.CGTGGCAGGGTCTGTGCG,Progenitor trophoblast_Gjb3 high(Placenta)
932,Placenta_2.TACTTCCCATCTTAAGGG,Spiral artery trophoblast giant cells(Placenta)
933,Placenta_2.TAGCATCGTATTAGTCGT,Spongiotrophoblast_Phlda2 high(Placenta)
934,Placenta_2.AAGTACTCGGGTTCACTT,Progenitor trophoblast_Gjb3 high(Placenta)
935,Placenta_2.CTCCATCGGCAGAAGCGG,Progenitor trophoblast_Gjb3 high(Placenta)
936,Placenta_2.CACAAGGCCTAGAAGTAC,Spiral artery trophoblast giant cells(Placenta)
937,Placenta_2.TAGTCGATACAGCTCCAT,Progenitor trophoblast_Gjb3 high(Placenta)
938,Placenta_2.GATCTTGTGGTATTAACT,Spongiotrophoblast_Phlda2 high(Placenta)
939,Placenta_2.GCGAATTCGTAATGAAGC,Spongiotrophoblast_Phlda2 high(Placenta)
940,Placenta_2.CCGCTAGTCCCGAGATGG,Spongiotrophoblast_Phlda2 high(Placenta)
941,Placenta_2.CGCTTGAATAAAATCTCT,Progenitor trophoblast_Gjb3 high(Placenta)
942,Placenta_2.GATCTTGTGGTAGATCTT,Spongiotrophoblast_Phlda2 high(Placenta)
943,Placenta_2.TGGATGCCGACGTCGGGT,Spiral artery trophoblast giant cells(Placenta)
944,Placenta_2.CCATCTGAGGAGCATCCC,Progenitor trophoblast_Gjb3 high(Placenta)
945,Placenta_2.TTTAGGGTCGGTTATTGT,Progenitor trophoblast_Gjb3 high(Placenta)
946,Placenta_2.AACCTAAATAAATAGAGA,Spiral artery trophoblast giant cells(Placenta)
947,Placenta_2.ATCAACGCGAATCGGCAG,Spongiotrophoblast_Phlda2 high(Placenta)
948,Placenta_2.TGGATGGTAATGTGCGGA,Progenitor trophoblast_Gjb3 high(Placenta)
949,Placenta_2.CGAGTATCACTTTGCAAT,Progenitor trophoblast_Gjb3 high(Placenta)
950,Placenta_2.GAGGAGAAGTACGCGAAT,Spiral artery trophoblast giant cells(Placenta)
951,Placenta_2.GTATACAATAAAGCCCTC,Progenitor trophoblast_Gjb3 high(Placenta)
952,Placenta_2.ATTTGCTTAACTCGCTTG,Progenitor trophoblast_Gjb3 high(Placenta)
953,Placenta_2.ATCAACCAACAATGCAAT,Spiral artery trophoblast giant cells(Placenta)
954,Placenta_2.AGATGGGCGTCCAAAACG,Progenitor trophoblast_Gjb3 high(Placenta)
955,Placenta_2.TAGTCGAGCGAGCTTCTG,Progenitor trophoblast_Gjb3 high(Placenta)
956,Placenta_2.CCGACGGCGTCCGGTACA,Spiral artery trophoblast giant cells(Placenta)
957,Placenta_2.AATAAAGCTCAACTGAAA,Spongiotrophoblast_Phlda2 high(Placenta)
958,Placenta_2.TTAACTTTCATAGTGGTA,Progenitor trophoblast_Gjb3 high(Placenta)
959,Placenta_2.GAGGAGAGGACTTCACTT,Progenitor trophoblast_Gjb3 high(Placenta)
960,Placenta_2.TTGGACTGCGGATCGGGT,Progenitor trophoblast_Gjb3 high(Placenta)
961,Placenta_2.CAAAGTACTTATCGCACC,Spiral artery trophoblast giant cells(Placenta)
962,Placenta_2.GCAGGAGAGATCTTCCGC,Spiral artery trophoblast giant cells(Placenta)
963,Placenta_2.GTGGTACCAGACGGGCGA,Spongiotrophoblast_Phlda2 high(Placenta)
964,Placenta_2.TGTGCGTCTACCGCAGGA,Progenitor trophoblast_Gjb3 high(Placenta)
965,Placenta_2.TTAACTTGTGCGAGTCGT,Progenitor trophoblast_Gjb3 high(Placenta)
966,Placenta_2.AGATGGTTCCGCCTTCTG,Progenitor trophoblast_Gjb3 high(Placenta)
967,Placenta_2.GAGATCTTCCGCATTCCA,Progenitor trophoblast_Gjb3 high(Placenta)
968,Placenta_2.GACACTTGTCACTCGGGT,Spiral artery trophoblast giant cells(Placenta)
969,Placenta_2.GGGTTTGAACGCCGAGTA,Progenitor trophoblast_Gjb3 high(Placenta)
970,Placenta_2.GGGTTTCGAGTATCGTAA,Spongiotrophoblast_Phlda2 high(Placenta)
971,Placenta_2.GTCGGTCTCGCATTGGAC,Progenitor trophoblast_Gjb3 high(Placenta)
972,Placenta_2.TAGCATTCTACCGTATAC,Spiral artery trophoblast giant cells(Placenta)
973,Placenta_2.CCTTTCTGCGGAGTTGCC,Spiral artery trophoblast giant cells(Placenta)
974,Placenta_2.GTCGGTATCAACCATGAT,Spongiotrophoblast_Phlda2 high(Placenta)
975,Placenta_2.CCATCTGTCGGTGGTACA,Progenitor trophoblast_Gjb3 high(Placenta)
976,Placenta_2.TATTGTCAAAGTGGTACA,Progenitor trophoblast_Gjb3 high(Placenta)
977,Placenta_2.AACGCCTTTAGGGTAATG,Spiral artery trophoblast giant cells(Placenta)
978,Placenta_2.AGTCGTGAGGAGGTAATG,Progenitor trophoblast_Gjb3 high(Placenta)
979,Placenta_2.CGTGGCTCGGGTAAGCGG,Progenitor trophoblast_Gjb3 high(Placenta)
980,Placenta_2.GTATACGGGCGAAAAACG,Spiral artery trophoblast giant cells(Placenta)
981,Placenta_2.AGCGAGCGGCAGTTCCGC,Spongiotrophoblast_Phlda2 high(Placenta)
982,Placenta_2.GAGATCCTCGCACTGAAA,Progenitor trophoblast_Gjb3 high(Placenta)
983,Placenta_2.TCAAAGCTCCATACAATA,Progenitor trophoblast_Gjb3 high(Placenta)
984,Placenta_2.TTCCGCGTAATGTGCGGA,Progenitor trophoblast_Gjb3 high(Placenta)
985,Placenta_2.TTTAGGCCTTTCGTAATG,Spiral artery trophoblast giant cells(Placenta)
986,Placenta_2.TCACTTAGATGGCATCCC,Progenitor trophoblast_Gjb3 high(Placenta)
987,Placenta_2.TTAACTTTGGACTATTGT,Progenitor trophoblast_Gjb3 high(Placenta)
988,Placenta_2.CGTGGCAAGTACGAACGC,Progenitor trophoblast_Gjb3 high(Placenta)
989,Placenta_2.TATTGTTAGAGAAGGACT,Progenitor trophoblast_Gjb3 high(Placenta)
990,Placenta_2.TTCCGCCCGCTACTGTGT,Progenitor trophoblast_Gjb3 high(Placenta)
991,Placenta_2.ATCTCTCGCTTGGAACGC,Spiral artery trophoblast giant cells(Placenta)
992,Placenta_2.TTTAGGCCGACGCTGTGT,Spongiotrophoblast_Phlda2 high(Placenta)
993,Placenta_2.AAGCGGCCATCTGAGGAG,Spiral artery trophoblast giant cells(Placenta)
994,Placenta_2.CGCACCGGGCGAAGCGAG,Spiral artery trophoblast giant cells(Placenta)
995,Placenta_2.CTCGCATGGATGTCTACC,Spiral artery trophoblast giant cells(Placenta)
996,Placenta_2.ATACAGCTGTGTCATGAT,Labyrinthine trophoblast(Placenta)
997,Placenta_2.GTCCCGTTCCGCGGGTTT,Progenitor trophoblast_Gjb3 high(Placenta)
998,Placenta_2.GACACTTCGTAACTGAAA,Spiral artery trophoblast giant cells(Placenta)
999,Placenta_2.TCGGGTTCACTTCAAAGT,Progenitor trophoblast_Gjb3 high(Placenta)
1000,Placenta_2.TTGGACCGCACCGGCTGC,Progenitor trophoblast_Gjb3 high(Placenta)
1001,Placenta_2.GCGAATGCGAATACAATA,Spiral artery trophoblast giant cells(Placenta)
